id,category,letter,answers,difficulty,time_limit,hint
201,Chemical elements,C,Carbon|Calcium|Chlorine|Copper|Cobalt|Chromium|Caesium|Cerium|Curium|Cadmium|Californium,hard,60,Periodic table!
202,Ancient civilisations,M,Mesopotamia|Maya|Minoan|Macedonian|Mauryan|Ming|Mycenaean,hard,60,
203,Types of logical fallacy,S,Straw man|Slippery slope|Special pleading|Survivorship bias|Sunk cost|Shifting the burden,hard,60,Debate class!
204,Philosophical concepts,E,Existentialism|Empiricism|Epistemology|Ethics|Essentialism|Emergence|Eternalism,hard,60,
205,Programming languages,H,Haskell|HTML|Hack|Harbour|HLASM|Hy,hard,60,
206,Bones in the human body,F,Femur|Fibula|Frontal bone|Falx|Fornix|Facial bone,hard,60,Anatomy time!
207,Classical music composers,B,Bach|Beethoven|Brahms|Bizet|Bartok|Bruckner|Berlioz|Balakirev,hard,60,
208,World capitals,K,Kabul|Kathmandu|Kampala|Kingston|Kuala Lumpur|Kuwait City|Kigali|Kingstown,hard,60,
209,Types of logical operator,X,XOR,hard,60,Computer science
210,Scientific units,T,Tesla|Torr|Therm|Terawatt|Tonne|Terameter,hard,60,Named after scientists!
211,Architectural styles,B,Baroque|Byzantine|Brutalism|Bauhaus|Beaux-Arts|Biomorphic,hard,60,
212,Literary genres,M,Mystery|Magical realism|Metafiction|Memoir|Mythology|Modernism,hard,60,
213,Nobel Prize winners,F,Fleming|Feynman|Fermi|Faulkner|Frisch|Friedman,hard,60,Any Nobel category!
214,Types of cloud,C,Cumulus|Cumulonimbus|Cirrus|Cirrostratus|Cirrocumulus|Contrail,hard,60,
215,Mathematical concepts,T,Topology|Trigonometry|Theorem|Tensor|Transcendental|Topos theory,hard,60,
216,Currencies,K,Krona|Krone|Kip|Kwanza|Koruna|Kyat,hard,60,World currencies!
217,Dinosaurs,P,Pterodactyl|Parasaurolophus|Pachycephalosaurus|Protoceratops|Psittacosaurus|Pentaceratops,hard,60,
218,Types of logic gate,N,NAND|NOR|NOT,hard,10,Digital circuits
219,Opera works,R,Rigoletto|Ring Cycle|Rosenkavalier|Romeo et Juliette,hard,60,Classical opera
220,Economic theories,K,Keynesianism|Kinked demand|Kuznets curve,hard,60,
221,Neuroscience terms,D,Dendrite|Dopamine|Default mode network|Dorsal stream|Dyslexia|Dysphasia|Dopaminergic,hard,60,Brain science!
222,Quantum physics concepts,E,Entanglement|Eigenvalue|Energy level|Electron|Excited state|Exclusion principle,hard,60,
223,Ancient Greek philosophers,P,Plato|Pythagoras|Parmenides|Plotinus|Philo|Protagoras|Porphyry,hard,60,
224,African countries,M,Morocco|Mozambique|Madagascar|Malawi|Mali|Mauritania|Mauritius,hard,60,
225,Geologic time periods,C,Cambrian|Carboniferous|Cretaceous|Cenozoic|Cryogenian|Carnian,hard,60,Earth history!
226,Advanced mathematics,G,Gradient|Graph theory|Group theory|Galois theory|Gaussian distribution|Geodesic,hard,60,
227,International organisations,U,United Nations|UNESCO|UNICEF|UNHCR|Universal Postal Union|UNAIDS,hard,60,
228,Mythological figures,A,Achilles|Athena|Apollo|Aphrodite|Ares|Artemis|Adonis|Arjuna|Anubis,hard,60,Greek Norse Hindu Egyptian all count!
229,Chemistry concepts,R,Reaction|Redox|Reduction|Radical|Reagent|Rutherford model|Resonance,hard,60,
230,Rare diseases,H,Huntington's disease|Hemophilia|Hutchinson-Gilford progeria|Harlequin ichthyosis|Hyper IgM syndrome,hard,60,Medical rarity!
231,Advanced programming concepts,P,Polymorphism|Parallelism|Prototype pattern|Pub-sub|Parser combinator|Persistent data structure,hard,60,CS deep dive!
232,Economic concepts,M,Monetarism|Microeconomics|Marginal utility|Market failure|Monopoly|Multiplier effect,hard,60,
233,Famous literary works,D,Don Quixote|Dune|Dracula|David Copperfield|Dead Souls|Dubliners,hard,60,Books across centuries!
234,Linguistics concepts,M,Morphology|Metonymy|Morpheme|Meiosis|Modal verb|Metaphor|Minimalism,hard,60,
235,Philosophy of mind,C,Consciousness|Compatibilism|Computationalism|Connectionism|Cognitive science|Causation,hard,60,
236,Chemical elements,S,Sulfur|Silicon|Silver|Sodium|Strontium|Scandium|Selenium|Samarium|Seaborgium,hard,60,"Tin starts with S in Latin: Stannum... wait, check the symbol! Focus on element names starting with S"
237,Philosophical concepts,D,Determinism|Dualism|Dialectic|Deontology|Deconstruction|Dogmatism|Defeasibility|Deism|Dystheism|Distributive justice|Disjunctivism|Doxastic,hard,60,"Think ethics, metaphysics, epistemology"
238,Medical anatomy terms,P,Patella|Phalanges|Pancreas|Pituitary|Periosteum|Pleura|Pericardium|Peristalsis|Peroneus|Pharynx|Pons|Pubis|Platysma,hard,60,Body parts and tissues
239,Programming languages,S,Swift|Scala|Scheme|Smalltalk|SQL|Solidity|Scratch|SNOBOL|Squeak|Standard ML|Simula|Stata,hard,60,Languages used to write code
240,Economic theories,M,Mercantilism|Monetarism|Marxism|Modern Monetary Theory|Mechanism design|Marginal utility theory|Moral hazard theory|Multiplier theory|Market socialism|Microeconomics,hard,60,Schools of thought in economics
241,Rare animal species,V,Vaquita|Visayan warty pig|Vancouver Island marmot|Vogelkop bowerbird|Visayan leopard cat|Vontsira|Vietnamese pheasant|Visayan tarictic hornbill|Volcano rabbit|Vieillot's black weaver,hard,60,Critically endangered or very uncommon animals
242,Linguistic terms,P,Phoneme|Pragmatics|Polysemy|Prosody|Paraphrase|Predicate|Polyphony|Palatalization|Pidgin|Protolanguage|Parsing|Periphrasis,hard,60,Terms used in the study of language
243,Mathematical concepts,H,Hyperbola|Homeomorphism|Homotopy|Harmonic series|Hilbert space|Holomorphic function|Hyperplane|Hausdorff space|Homomorphism|Hermitian matrix|Hypercube,hard,60,Advanced math terminology
244,Opera works,T,Tosca|Turandot|The Magic Flute|Tristan und Isolde|The Barber of Seville|The Marriage of Figaro|Tannhäuser|The Tales of Hoffmann|The Merry Widow|Thais,hard,60,Famous operas
245,Chemical elements,B,Boron|Barium|Beryllium|Bismuth|Bromine|Bohrium|Berkelium|Barium,hard,60,Elements on the periodic table starting with B
246,Neuroscience terms,S,Synapse|Serotonin|Somatosensory|Striatum|Substantia nigra|Sympathetic nervous system|Schwann cell|Sulcus|Soma|Signal transduction|Spinocerebellar,hard,60,Brain and nervous system terminology
247,Ancient civilisations,P,Phoenician|Parthian|Persian|Ptolemaic|Phrygian|Polynesian|Philistine|Punic|Palmyrene|Paleo-Indian,hard,60,Civilisations from the ancient world
248,Geologic time periods,P,Paleocene|Pleistocene|Permian|Pliocene|Pennsylvanian|Paleogene|Proterozoic|Paleozoic|Phanerozoic,hard,60,Divisions of Earth's geological timeline
249,Famous philosophers,K,Kant|Kierkegaard|Kripke|Karl Marx|Karl Popper|Kuhn,hard,60,Thinkers in philosophy and related fields
250,Scientific units of measurement,M,Meter|Millibar|Mole|Millisecond|Megawatt|Megahertz|Millimeter|Megapascal|Millimole|Microsecond|Megajoule,hard,60,Units used in science and physics
251,Types of logical fallacy,A,Ad hominem|Appeal to authority|Appeal to emotion|Ambiguity fallacy|Ad populum|Appeal to nature|Appeal to tradition|Affirming the consequent|Ad ignorantiam,hard,60,Errors in reasoning and argumentation
252,Advanced programming concepts,C,Concurrency|Currying|Closure|Covariance|Coroutine|Cache coherence|Continuation|Compositional programming|Call stack|Context switching|Compile-time evaluation,hard,60,Computer science and software engineering topics
253,World capitals,B,Baghdad|Bangkok|Beijing|Beirut|Belgrade|Berlin|Bern|Bogota|Bratislava|Brazzaville|Brussels|Bucharest|Budapest|Buenos Aires|Baku,hard,60,Capital cities of the world
254,Rare diseases,P,Progeria|Pemphigus|Paraneoplastic syndrome|Porphyria|Prion disease|Pompe disease|Pelizaeus-Merzbacher disease|Prolidase deficiency|Pure autonomic failure,hard,60,Uncommon medical conditions
255,Quantum physics concepts,S,Superposition|Spin|Schrödinger equation|String theory|Symmetry breaking|Squeezed state|Spontaneous emission|S-matrix|Spacetime curvature|Standard model,hard,60,Concepts from quantum and theoretical physics
256,African countries,S,Senegal|Sierra Leone|Somalia|South Africa|South Sudan|Sudan|Swaziland|São Tomé and Príncipe|Seychelles,hard,60,Nations on the African continent
257,Classical music composers,S,Schubert|Schumann|Shostakovich|Sibelius|Stravinsky|Saint-Saëns|Satie|Scriabin|Scarlatti|Salieri|Smetana,hard,60,Composers of orchestral and chamber music
258,Bones in the human body,T,Tibia|Talus|Tarsals|Temporal bone|Trapezium|Trapezoid|Triquetrum|Thoracic vertebrae,hard,60,Named bones from anatomy
259,Literary genres,P,Poetry|Prose|Parody|Pastoral|Picaresque|Postcolonial fiction|Psychological thriller|Pulp fiction|Political satire|Philosophical fiction,hard,60,Categories and styles of literature
260,Architectural styles,G,Gothic|Georgian|Greco-Roman|Googie|Gingerbread|Geodesic|Gothic Revival|Grand Romanesque,hard,60,Styles and movements in architecture
261,Dinosaur genera,A,Ankylosaurus|Allosaurus|Apatosaurus|Albertosaurus|Abelisaurus|Avaceratops|Anchiceratops|Archaeopteryx|Amargasaurus|Altirhinus|Animantarx,hard,60,Genera of dinosaurs from the fossil record
262,International organisations,N,NATO|NAFTA|NASDAQ|Nordic Council|Non-Aligned Movement|Nuclear Suppliers Group|Nile Basin Initiative|New Development Bank,hard,60,Global or multinational institutions
263,Nobel Prize winners in Physics,R,Röntgen|Rutherford|Raman|Rainwater|Richter|Rubbia|Richardson,hard,60,Scientists awarded the Nobel Prize in Physics
264,Currencies of the world,L,Lira|Leu|Lek|Loti|Lilangeni|Leone|Lempira|Latvian lats|Lebanese pound,hard,60,Monetary units used around the world
265,Types of cloud formations,A,Altostratus|Altocumulus|Arcus|Asperitas|Anvil cloud|Altocumulonimbus,hard,60,Meteorological cloud types
266,Famous literary works,M,Middlemarch|Moby Dick|Macbeth|Metamorphosis|Midsummer Night's Dream|Medea|Much Ado About Nothing|My Brilliant Friend|Mansfield Park|Madame Bovary,hard,60,"Novels, plays, and literary classics"
267,Economic concepts,E,Elasticity|Externality|Equilibrium|Efficiency|Endowment effect|Exchange rate|Economies of scale|Equity|Excess demand|Export,hard,60,Terms from economics and finance
268,Chemistry concepts,C,Covalent bond|Catalyst|Condensation|Concentration|Chromatography|Calorimetry|Carbonyl|Cation|Chelation|Chirality|Combustion,hard,60,Concepts and terms from chemistry
269,Advanced mathematics concepts,T,Topology|Tensor|Transcendental number|Taylor series|Topological space|Torus|Turing machine|Transformation|Trigonometric identity|Theorema Egregium,hard,60,Higher-level mathematical ideas
270,Ancient Greek philosophers,S,Socrates|Sophocles|Stoics|Speusippus|Strato of Lampsacus|Sextus Empiricus,hard,60,Thinkers from ancient Greece
271,Programming languages,R,Ruby|Rust|R|Raku|REXX|RPG|Racket|Reason|Ring,hard,60,Languages used in software development
272,Mythological figures,P,Prometheus|Perseus|Poseidon|Persephone|Pan|Pegasus|Pollux|Proteus|Penelope|Phoebus|Pluto,hard,60,"Figures from Greek, Roman, or other mythologies"
273,Rare species of plants,W,Welwitschia|Western Prairie Fringed Orchid|White Skipper flower|Wollemi pine|Wyoming Toadflax|Water Elm|White birds-in-a-nest,hard,60,Uncommon or endangered plant species
274,Medical conditions and diseases,A,Amyloidosis|Acromegaly|Ankylosing spondylitis|Ataxia|Agranulocytosis|Aplastic anemia|Addison's disease|Arteriovenous malformation|Achondroplasia|Arachnoiditis,hard,60,Medical diagnoses and conditions
275,Famous economists,F,Friedman|Fisher|Fama|Ferguson|Findlay|Fogel,hard,60,Notable names in economic history and theory
276,Philosophical schools of thought,S,Stoicism|Skepticism|Structuralism|Sophism|Solipsism|Syncretism|Social contract theory|Semiotics|Subjectivism|Scientism,hard,60,Traditions and movements in philosophy
277,Anatomy and physiology terms,H,Hypothalamus|Hippocampus|Hemoglobin|Homeostasis|Hypertension|Histology|Humeral|Hematopoiesis|Hypoxia|Hormone|Hepatic,hard,60,Terms from biology and medicine
278,World capitals,A,Accra|Addis Ababa|Algiers|Amman|Amsterdam|Ankara|Antananarivo|Apia|Ashgabat|Asmara|Astana|Asuncion|Athens|Abudhabi,hard,60,Capital cities from around the world
279,Chemical elements,N,Nitrogen|Neon|Nickel|Niobium|Neptunium|Nobelium|Neodymium|Nihonium,hard,60,Elements from the periodic table
280,Advanced programming concepts,M,Monad|Mutex|Memory leak|Memoization|Marshalling|Message passing|Microservices|Macro|Middleware,hard,60,Software engineering and computer science concepts
281,Linguistic concepts,S,Semantics|Syntax|Syllable|Syncope|Subordination|Suprasegmental|Suffix|Sibilant|Sociolinguistics|Speech act|Scope,hard,60,Terms from the study of language and grammar
282,Rare bird species,K,Kakapo|Kagu|Kiwi|Kokako|Keel-billed motmot|Kori bustard|Kaempfer's tody-tyrant|Kauaʻi ʻōʻō,hard,60,Uncommon or endangered bird species
283,Chemical elements,P,Phosphorus|Platinum|Plutonium|Polonium|Potassium|Praseodymium|Promethium|Protactinium|Palladium|Praesodymium,hard,60,Elements from the periodic table
284,Philosophical concepts,A,Absurdism|Altruism|Anarchism|Anthropocentrism|Aporia|A priori|Aesthetics|Alienation|Analytic philosophy|Axiom|Autonomy|Agnosticism,hard,60,Abstract ideas studied in philosophy
285,Medical conditions and diseases,C,Cirrhosis|Crohn's disease|Carcinoma|Cellulitis|Cholera|Chlamydia|Cushing's syndrome|Cystic fibrosis|Cerebral palsy|Conjunctivitis|Coeliac disease|Cytomegalovirus,hard,60,Illnesses and medical diagnoses
286,Programming languages,C,C++|C#|Clojure|COBOL|CoffeeScript|Crystal|Cython|Chapel|Curl|Cayenne|Clean|Cobra,hard,60,Languages used to write software
287,Bones in the human body,S,Sternum|Scapula|Sacrum|Skull|Stapes|Sphenoid|Scaphoid|Sesamoid|Subscapularis|Styloid,hard,60,Parts of the human skeleton
288,Economic theories,N,Neoclassical economics|Neo-Keynesian economics|Neo-Marxism|New institutional economics|Neoliberalism|Normative economics|New classical macroeconomics|Natural rate theory,hard,60,Schools or theories in economics
289,Ancient Greek philosophers,A,Aristotle|Anaxagoras|Anaximander|Anaximenes|Antiphon|Antisthenes|Archelaus|Arcesilaus|Aristippus|Alcmaeon,hard,60,Thinkers from ancient Greece
290,Opera works,D,Don Giovanni|Don Pasquale|Der Rosenkavalier|Die Walkure|Das Rheingold|Don Carlos|Dialogues of the Carmelites|Die Fledermaus|Dido and Aeneas|Der Freischutz,hard,60,Famous operas
291,Rare animal species,S,Saola|Siamese crocodile|Spix's macaw|Sumatran rhino|Snow leopard|Solenodon|Shortnose sturgeon|Staghorn coral|Swift fox|Siberian tiger|Slender-snouted crocodile,hard,60,Endangered or rare animals
292,Linguistic terms,M,Morpheme|Morphology|Metonymy|Metaphor|Minimal pair|Modal verb|Monophthong|Morphosyntax|Metathesis|Multilingualism|Markedness,hard,60,Terms used in the study of language
293,Neuroscience terms,N,Neurotransmitter|Neuroplasticity|Nucleus accumbens|Nociceptor|Neocortex|Neurogenesis|Neuropeptide|Neuroinflammation|Neuroglia|Node of Ranvier|Norepinephrine,hard,60,Terms from brain and nervous system science
294,Quantum physics concepts,W,Wave function|Wave-particle duality|Wavefunction collapse|Weak force|Wigner's friend|Weak measurement|Wien's law|Wave packet,hard,60,Concepts in quantum mechanics
295,Famous economists,M,Milton Friedman|Malthus|Marshall|Marx|Minsky|Modigliani|Mundell|Meade|Mirrlees|Myrdal,hard,60,Influential figures in economics
296,Classical music composers,M,Mozart|Mahler|Mendelssohn|Monteverdi|Massenet|Mussorgsky|Medtner|Martinů|Messiaen|MacDowell|Myslivecek,hard,60,Composers of classical or orchestral music
297,Types of logical fallacy,C,Circular reasoning|Cherry picking|Correlation implies causation|Composition fallacy|Continuum fallacy|Cum hoc ergo propter hoc|Complex question|Confirmation bias,hard,60,Errors in reasoning and argument
298,Nobel Prize winners in physics,B,Bardeen|Becquerel|Bethe|Blackett|Bloembergen|Bohr|Born|Bose|Brattain|Broglie,hard,60,Physicists who won the Nobel Prize
299,Rare diseases,F,Fibrodysplasia ossificans progressiva|Familial Mediterranean fever|Fanconi anemia|Fatal familial insomnia|Fabry disease|Farber disease|Foix-Alajouanine syndrome|Friedreich's ataxia,hard,60,Uncommon or orphan medical conditions
300,Architectural styles,R,Romanesque|Renaissance|Rococo|Revivalism|Regionalism|Rationalism|Rustic|Ribbon windows style|Romantic|Roman,hard,60,Distinct styles in architecture history
301,Chemical elements,A,Argon|Arsenic|Antimony|Actinium|Aluminum|Americium|Astatine|Astatin|Aurum|Azote,hard,60,Elements from the periodic table
302,Chemical elements,M,Magnesium|Manganese|Mercury|Molybdenum|Mendelevium|Moscovium|Meitnerium|Mercury,hard,60,Elements from the periodic table
303,Philosophical concepts,P,Phenomenology|Pragmatism|Positivism|Postmodernism|Pluralism|Pantheism|Perspectivism|Physicalism|Presentism|Panentheism|Pyrrhonism,hard,60,Ideas and schools in philosophy
304,Philosophical concepts,T,Teleology|Transcendentalism|Tautology|Theism|Thomism|Totalitarianism|Tokenism|Theodicy|Transhumanism|Truth theory,hard,60,Ideas studied in philosophy
305,Medical conditions and diseases,S,Sarcoidosis|Scleroderma|Septicemia|Scurvy|Syringomyelia|Spondylitis|Stenosis|Shingles|Syncope|Sickle cell anemia|Silicosis|Sjogren syndrome,hard,60,Diagnosed medical conditions
306,Medical conditions and diseases,D,Dermatomyositis|Dyslexia|Dysphagia|Dysplasia|Diverticulitis|Diabetes|Diphtheria|Dystonia|Dementia|Dengue fever|Dysrhythmia|Dysentery,hard,60,Diagnosed medical conditions
307,Rare animal species,A,Axolotl|Aye-aye|Addax|Amur leopard|Andean cat|Anoa|Arapaima|Araripe manakin|Atala butterfly|Aardwolf,hard,60,Rare or endangered animals
308,Programming languages,P,Python|Perl|PHP|Pascal|Prolog|PostScript|PureScript|PowerShell|Pike|Pony|Processing|Pyret,hard,60,Languages used to write software
309,Programming languages,L,Lisp|Lua|Logo|LiveScript|Lean|Lasso|LabVIEW|LOLCODE|Logtalk|Lobster,hard,60,Languages used to write software
310,Economic theories,A,Austrian economics|Aggregate demand theory|Agency theory|Accelerator theory|Austerity theory|Asymmetric information theory|Arbitrage pricing theory|Asset bubble theory|Autarky,hard,60,Theories studied in economics
311,Opera works,L,La Traviata|La Boheme|Lohengrin|Lucia di Lammermoor|La Forza del Destino|L'Elisir d'Amore|Les Troyens|Lakmé|La Cenerentola|Les Contes d'Hoffmann|La Clemenza di Tito,hard,60,Famous opera titles
312,Opera works,M,Macbeth|Madama Butterfly|Manon|Manon Lescaut|Mefistofele|Moses und Aron|Magic Flute|Mitridate|Medea|Merry Widow,hard,60,Famous opera titles
313,Ancient civilisations,A,Assyrian|Akkadian|Aztec|Anatolian|Andean|Athenian|Arabian|Avar|Amorite|Achaemenid,hard,60,Civilisations from ancient history
314,Linguistic terms,A,Allophone|Allomorph|Agglutination|Anacoluthon|Anaphora|Aphasia|Apocope|Aspiration|Assimilation|Antonymy|Anaphor|Affricate,hard,60,Terms used in linguistics
315,Linguistic terms,C,Codification|Coarticulation|Complementary distribution|Connotation|Copula|Creolization|Cliticization|Consonant cluster|Corpus linguistics|Cataphora|Cleft sentence,hard,60,Terms used in linguistics
316,Neuroscience terms,A,Axon|Amygdala|Astrocyte|Action potential|Akinesia|Aphasia|Apraxia|Arachnoid mater|Arborization|Auditory cortex|Autonomic nervous system,hard,60,Terms from brain and nervous system science
317,Neuroscience terms,C,Cerebellum|Cerebral cortex|Corpus callosum|Cortisol|Cranial nerve|Cytoskeleton|Chemoreceptor|Cholinergic|Cingulate cortex|Corticospinal tract|Catecholamine,hard,60,Terms from brain and nervous system science
318,Rare diseases,A,Acromegaly|Alkaptonuria|Amyloidosis|Angelman syndrome|Aniridia|Apert syndrome|Ataxia telangiectasia|Autoimmune hepatitis|Alport syndrome|Arginase deficiency,hard,60,Uncommon or orphan medical conditions
319,Rare diseases,M,Mastocytosis|McCune-Albright syndrome|Meige syndrome|Menkes disease|Mesothelioma|Morquio syndrome|Mucopolysaccharidosis|Myasthenia gravis|Myelofibrosis|Maple syrup urine disease,hard,60,Uncommon or orphan medical conditions
320,Geologic time periods,T,Triassic|Tertiary|Tithonian|Tortonian|Toarcian|Turonian,hard,60,Named intervals of geologic time
321,Classical music composers,C,Chopin|Charpentier|Cherubini|Couperin|Clementi|Corelli|Cimarosa|Caccini|Cui|Copland|Chausson,hard,60,Famous composers of classical music
322,Classical music composers,D,Debussy|Dvorak|Donizetti|Dufay|Dussek|Delius|Dowland|Dunstaple|Dukas|Dittersdorf,hard,60,Famous composers of classical music
323,Famous economists,K,Keynes|Krugman|Knight|Kahneman|Kaldor|Kuznets|Kalecki|Kindleberger|Klein|Koopmans,hard,60,Influential economists throughout history
324,Famous economists,R,Ricardo|Robinson|Robbins|Romer|Rostow|Rawls|Rutherford|Rajan|Reinhart|Roll,hard,60,Influential economists throughout history
325,World capitals,L,London|Lisbon|Lima|Ljubljana|Libreville|Lilongwe|Lobamba|Lome|Luanda|Lusaka|Luxembourg City,hard,60,Capital cities of the world
326,World capitals,M,Madrid|Maputo|Maseru|Mbabane|Mexico City|Minsk|Mogadishu|Monaco|Monrovia|Montevideo|Moroni|Moscow|Muscat,hard,60,Capital cities of the world
327,Philosophical schools of thought,P,Pragmatism|Phenomenology|Positivism|Poststructuralism|Platonism|Pyrrhonism|Personalism|Panpsychism|Perspectivism|Process philosophy|Presentism,hard,60,Major traditions in philosophy
328,Philosophical schools of thought,N,Naturalism|Nihilism|Neo-Platonism|Neo-Kantianism|Nominalism|Neopositivism|Neopragmatism,hard,60,Major traditions in philosophy
329,Literary genres,S,Satire|Surrealism|Speculative fiction|Short story|Spy fiction|Social realism|Stream of consciousness|Supernatural fiction|Sword and sorcery|Slice of life,hard,60,Categories of literary writing
330,Literary genres,R,Romance|Realism|Romanticism|Road novel|Revenge tragedy|Regionalism|Roman à clef,hard,60,Categories of literary writing
331,Dinosaur genera,B,Brachiosaurus|Brontosaurus|Baryonyx|Brachylophosaurus|Bagaceratops|Barapasaurus|Baronyx|Bonapartesaurus|Borealopelta|Buitreraptor|Borogovia,hard,60,Genus names of dinosaurs
332,Dinosaur genera,C,Carnotaurus|Ceratosaurus|Corythosaurus|Camarasaurus|Carcharodontosaurus|Camptosaurus|Centrosaurus|Coelophysis|Cetiosaur|Compsognathus|Cryolophosaurus|Citipati,hard,60,Genus names of dinosaurs
333,Currencies of the world,D,Dollar|Dinar|Dirham|Dalasi|Denar|Dobra|Dong|Dobra,hard,60,Official currencies used by countries
334,Currencies of the world,P,Peso|Pound|Pataca|Paanga|Pula|Piastre|Para,hard,60,Official currencies used by countries
335,Anatomy and physiology terms,A,Artery|Alveoli|Atrium|Aorta|Appendix|Achilles tendon|Adrenal gland|Arteriole|Axilla|Adipose tissue|Anal canal,hard,60,Terms from human anatomy
336,Anatomy and physiology terms,C,Capillary|Cartilage|Cerebellum|Cochlea|Clavicle|Colon|Cornea|Cortex|Cranium|Carotid|Cervix|Calcaneus,hard,60,Terms from human anatomy
337,Types of logical fallacy,T,Tu quoque|Texas sharpshooter|Tautology fallacy|Thought-terminating cliche,hard,30,Errors in logical reasoning
338,Advanced mathematics concepts,C,Calculus|Combinatorics|Convexity|Compact space|Cauchy sequence|Cohomology|Convergence|Commutative ring|Characteristic polynomial|Conformal mapping|Congruence,hard,60,Concepts from higher-level mathematics
339,Advanced mathematics concepts,H,Homeomorphism|Homotopy|Hilbert space|Homomorphism|Hyperbolic geometry|Homology|Hermitian matrix|Hölder condition,hard,60,Concepts from higher-level mathematics
340,Quantum physics concepts,D,Decoherence|Dirac equation|Dark energy|Degeneracy|Density matrix|Double-slit experiment|Dipole moment|Decay constant|Diffraction,hard,60,Concepts from quantum and particle physics
341,Quantum physics concepts,P,Planck constant|Pauli exclusion principle|Photon|Phase space|Probability amplitude|Perturbation theory|Particle-wave duality|Phonon|Positron|Potential well|Polarization,hard,60,Concepts from quantum and particle physics
342,Famous literary works,A,Anna Karenina|Atonement|All Quiet on the Western Front|Animal Farm|As I Lay Dying|Adventures of Huckleberry Finn|Antigone|Age of Innocence|Amerika|Arrowsmith|Absalom Absalom,hard,60,Renowned works of literature
343,Famous literary works,C,Crime and Punishment|Candide|Canterbury Tales|Catch-22|Count of Monte Cristo|Confessions|Castle|Catcher in the Rye|Clockwork Orange|Crime and Punishment,hard,60,Renowned works of literature
344,Rare bird species,S,Spix's macaw|Sumatran ground cuckoo|Siberian crane|Sociable lapwing|Socorro dove|Short-tailed albatross|Stresemann's bristlefront|Silvery pigeon|Snowy owl|Seychelles warbler,hard,60,Uncommon or endangered bird species
345,Advanced programming concepts,F,Functional programming|First-class functions|Finite state machine|Fork-join model|Function overloading|Fuzzy logic|Factory pattern|Functor|Flow control|FFI binding,hard,60,Concepts from computer science and software engineering
346,Advanced programming concepts,D,Dependency injection|Dynamic dispatch|Data binding|Deadlock|Design pattern|Duck typing|Decorator pattern|Domain-driven design|Distributed computing|Deterministic algorithm,hard,60,Concepts from computer science and software engineering
347,Nobel prize winners in physics,P,Planck|Pauli|Penrose|Penzias|Perrin|Powell|Prokhorov|Purcell,hard,60,Physicists who won the Nobel Prize
348,chemical elements,T,Titanium|Tungsten|Tellurium|Terbium|Thallium|Thorium|Thulium|Tin|Tantalum|Technetium|Tennessine,hard,60,Elements from the periodic table
349,philosophical concepts,R,Rationalism|Relativism|Reductionism|Realism|Rhetoric|Recurrence|Representation|Responsibility|Rights|Reason|Reflexivity,hard,60,Terms studied in philosophy
350,rare diseases,C,Cystic fibrosis|Creutzfeldt-Jakob disease|Cushing syndrome|Canavan disease|Charcot-Marie-Tooth disease|Costello syndrome|Coffin-Siris syndrome|Cockayne syndrome|CREST syndrome|Crimean fever|Castleman disease,hard,60,Uncommon medical conditions
351,Chemical elements,F,Fluorine|Fermium|Francium|Flerovium|Ferium|Francium,hard,60,Elements from the periodic table
352,Chemical elements,G,Gold|Germanium|Gallium|Gadolinium|Gold|Gallium,hard,60,Elements from the periodic table
353,Philosophical concepts,H,Hedonism|Hermeneutics|Humanism|Hylomorphism|Historicism|Holism|Hubris|Heuristics|Heteronomy|Hypostasis,hard,60,Terms used in philosophy
354,Philosophical concepts,N,Nihilism|Naturalism|Nominalism|Norms|Noumenon|Noesis|Necessity|Neopragmatism|Negation|Nondualism,hard,60,Terms used in philosophy
355,Medical conditions and diseases,G,Gout|Glaucoma|Graves disease|Guillain-Barre syndrome|Gangrene|Gastritis|Gigantism|Gingivitis|Glioblastoma|Galactosemia|Gaucher disease,hard,60,Medical diagnoses and illnesses
356,Medical conditions and diseases,H,Hepatitis|Hypothyroidism|Hypertension|Hemophilia|Huntington disease|Hypoglycemia|Hydrocephalus|Hyperthyroidism|Histoplasmosis|Hodgkin lymphoma|Hypoxia,hard,60,Medical diagnoses and illnesses
357,Chemical elements,L,Lithium|Lanthanum|Lead|Livermorium|Lawrencium|Lutetium|Louisvium,hard,60,Elements from the periodic table
358,Programming languages,J,Java|JavaScript|Julia|Jython|JOVIAL|J language|JSONiq,hard,60,Languages used to write code
359,Programming languages,K,Kotlin|Ksh|KRL|K language|Koka|KornShell|KUKA,hard,60,Languages used to write code
360,Linguistic terms,D,Diphthong|Dialect|Diglossia|Discourse|Derivation|Determiner|Deictic|Dipthong|Digraph|Diasystem|Diachronic,hard,60,Terms from the study of language
361,Linguistic terms,H,Hyponymy|Homophone|Homograph|Hypernym|Hyperbole|Hedging|Head word|Historical linguistics|Holophrase|Homonym,hard,60,Terms from the study of language
362,Opera works,F,Falstaff|Fidelio|Faust|Fedora|Francesca da Rimini|Fiamma,hard,60,Famous operas
363,Opera works,N,Norma|Nixon in China|Nabucco|Nero|Nozze di Figaro,hard,60,Famous operas
364,Economic theories,G,Game theory|General equilibrium theory|Growth theory|Gresham's law|Gradualism,hard,60,Theories in economics
365,Economic theories,P,Public choice theory|Post-Keynesianism|Physiocracy|Protectionism|Poverty trap theory|Pareto efficiency|Purchasing power parity,hard,60,Theories in economics
366,Rare animal species,O,Okapi|Olm|Ocelot|Oryx|Onager|Orangutan|Okapia|Otocyon|Oncilla|Owl monkey,hard,60,Rare or endangered animals
367,Rare animal species,Q,Quoll|Quetzal|Quokka|Queen Alexandra birdwing|Quelea,hard,60,Rare or endangered animals
368,Famous economists,G,Galbraith|Georgescu-Roegen|George|Gilder|Greenspan,hard,60,Notable economists in history
369,Famous economists,S,Smith|Samuelson|Stiglitz|Schumpeter|Sen|Solow|Sraffa|Sumner|Simons|Schultz,hard,60,Notable economists in history
370,Neuroscience terms,G,Glial cell|Gamma oscillation|Gyrus|Ganglion|GABA|Glutamate|Grey matter|Gliosis|Growth cone|Gating,hard,60,Terms from brain science
371,Neuroscience terms,H,Hippocampus|Hypothalamus|Homeostasis|Hemispheres|Hebbian learning|Hyperalgesia|Hypoxia|Hemianopia|HPA axis|Habituation,hard,60,Terms from brain science
372,Rare diseases,E,Ehlers-Danlos syndrome|Erdheim-Chester disease|Eosinophilic esophagitis|Epidermolysis bullosa|Erythromelalgia|Emanuel syndrome|Elastosis,hard,60,Uncommon medical conditions
373,Rare diseases,N,Niemann-Pick disease|Netherton syndrome|Noonan syndrome|Narcolepsy|Nephrotic syndrome|Neuroacanthocytosis|Nemaline myopathy,hard,60,Uncommon medical conditions
374,Philosophical schools of thought,E,Empiricism|Existentialism|Epicureanism|Eclecticism|Eliminativism|Eudaimonism|Egoism,hard,60,Major schools of philosophy
375,Philosophical schools of thought,R,Rationalism|Relativism|Realism|Romanticism|Reconstructivism|Revisionism|Radical empiricism,hard,60,Major schools of philosophy
376,Classical music composers,H,Haydn|Handel|Holst|Hindemith|Hummel|Honegger|Holzbauer|Humperdinck|Herold|Hartmann,hard,60,Composers of classical music
377,Classical music composers,R,Ravel|Rossini|Rachmaninoff|Rameau|Respighi|Rodrigo|Rheinberger|Reger|Reich|Rimsky-Korsakov,hard,60,Composers of classical music
378,Anatomy and physiology terms,M,Mitosis|Myocardium|Meninges|Medulla|Metacarpal|Mitral valve|Meiosis|Mucosa|Metatarsal|Myelin|Macrophage,hard,60,Terms from anatomy or physiology
379,Anatomy and physiology terms,N,Neuron|Nephron|Nucleotide|Nociceptor|Nasal cavity|Notochord|Nucleus|Neurotransmitter|Nares|Node of Ranvier,hard,60,Terms from anatomy or physiology
380,Ancient civilisations,B,Babylon|Bactria|Byzantine|Bindibu|Britons|Borneo cultures,hard,60,Civilisations from the ancient world
381,Ancient civilisations,C,Carthage|Celts|Crete|Cahokia|Chaldea|Corinth|Caral|Chavin|Cucuteni|Colchis,hard,60,Civilisations from the ancient world
382,Quantum physics concepts,C,Coherence|Collapse of wave function|Copenhagen interpretation|Commutator|Cooper pairs|Coulomb interaction|Cavity QED|Complementarity,hard,60,Concepts in quantum mechanics
383,Quantum physics concepts,H,Heisenberg uncertainty principle|Hilbert space|Hamiltonian|Harmonic oscillator|Hermitian operator|Hyperfine structure,hard,60,Concepts in quantum mechanics
384,Dinosaur genera,D,Diplodocus|Deinonychus|Dilophosaurus|Dryosaurus|Daspletosaurus|Dacentrurus|Dracorex|Dracovenator|Dinheirosaurus|Desmatosuchus,hard,60,Genus names of dinosaurs
385,Dinosaur genera,E,Edmontosaurus|Eoraptor|Euoplocephalus|Einiosaurus|Elasmosaurus|Elaphrosaurus|Edmontonia|Enigmosaurus|Eodromaeus|Europasaurus,hard,60,Genus names of dinosaurs
386,Currencies of the world,F,Franc|Forint|Fiji dollar|Franc CFA|Falkland pound,hard,60,Official currencies used around the world
387,Currencies of the world,R,Rupee|Ruble|Rial|Ringgit|Rand|Real|Roupie|Rufiyaa|Rupiah|Riyal,hard,60,Official currencies used around the world
388,Nobel prize winners in physics,F,Fermi|Feynman|Fert|Franck,hard,60,Scientists who won the Nobel Prize in Physics
389,Nobel prize winners in physics,H,Heisenberg|Hertz|Hess|Hubel|Hofstadter,hard,60,Scientists who won the Nobel Prize in Physics
390,Bones in the human body,C,Clavicle|Calcaneus|Carpals|Coccyx|Cuboid|Cranium|Capitate|Cuneiform|Cervical vertebrae|Coronoid,hard,60,Named bones in the human skeleton
391,Bones in the human body,H,Humerus|Hyoid|Hamate|Heel bone|Hip bone,hard,60,Named bones in the human skeleton
392,Advanced mathematics concepts,D,Derivative|Differential equation|Determinant|Divergence|Duality|Density function|Diophantine equation|Diffeomorphism|Discriminant|Dimension,hard,60,Concepts from higher mathematics
393,Advanced mathematics concepts,E,Eigenvalue|Eigenvector|Entropy|Elliptic curve|Euclidean space|Ergodic theory|Exponential function|Exterior algebra|Equivalence class|Exponent,hard,60,Concepts from higher mathematics
394,Advanced programming concepts,A,Abstraction|Asynchronous programming|Algorithm|API|Abstract syntax tree|Algebraic data type|Aspect-oriented programming|Arity|Atomicity|Autoboxing,hard,60,Concepts from computer science and programming
395,Advanced programming concepts,G,Garbage collection|Generic programming|Graph traversal|Guard clause|Generators|Green threads|Global scope,hard,60,Concepts from computer science and programming
396,Rare bird species,G,Grenada dove|Gouldian finch|Gorgeted puffleg|Giant ibis|Gurney's pitta|Golden-naped weaver|Gough bunting,hard,60,Uncommon or endangered birds
397,Rare bird species,N,Night parrot|New Caledonian owlet-nightjar|Nukupuu|Nene|Northern bald ibis|Nonggang babbler,hard,60,Uncommon or endangered birds
398,International organisations,W,World Trade Organization|World Health Organization|World Bank|World Food Programme|Warsaw Pact|World Meteorological Organization|World Intellectual Property Organization|Western Union|World Economic Forum,hard,60,Global institutions and bodies
399,Famous literary works,G,Gilgamesh|Great Expectations|Gulliver's Travels|Gone with the Wind|Germinal|Grapes of Wrath|Giovanni's Room|Gravity's Rainbow|Gormenghast|Growth of the Soil,hard,60,Well-known books and literary texts
400,Chemical elements,I,Iodine|Iron|Indium|Iridium,hard,30,Elements from the periodic table
401,Philosophical concepts,M,Monism|Materialism|Metaphysics|Moral relativism|Metaethics|Mysticism|Mereology|Marxism|Meaning|Modality,hard,60,Abstract ideas studied in philosophy
402,Philosophical concepts,O,Ontology|Objectivism|Occasionalism|Optimism|Other minds|Overdetermination|Ought implies can|Organic unity,hard,60,Abstract ideas studied in philosophy
403,Linguistic terms,I,Inflection|Intonation|Idiom|Isogloss|Imperative|Infixation|Interjection|Implicature|Intransitive|Isolating language,hard,60,Terms used in the study of language
404,Linguistic terms,R,Reduplication|Register|Rhyme|Root|Retroflex|Recursion|Referent|Rhetorical question|Rhotic|Reconstruction,hard,60,Terms used in the study of language
405,Medical conditions and diseases,L,Lupus|Leukemia|Lyme disease|Lymphoma|Leishmaniasis|Listeriosis|Leptospirosis|Lou Gehrig's disease|Legionnaires disease|Lordosis,hard,60,Illnesses and medical conditions
406,Medical conditions and diseases,M,Meningitis|Multiple sclerosis|Malaria|Myocarditis|Myasthenia gravis|Mucormycosis|Myeloma|Mastoiditis|Measles|Mitral stenosis,hard,60,Illnesses and medical conditions
407,Economic theories,B,Behavioral economics|Balance of payments theory|Bullionism|Business cycle theory|Benefit theory of taxation,hard,30,Schools of thought in economics
408,Economic theories,F,Fiscal theory|Free market theory|Functionalism|Factor endowment theory|Free trade theory,hard,30,Schools of thought in economics
409,Advanced mathematics concepts,F,Fourier transform|Functional analysis|Fibonacci sequence|Field theory|Fixed point theorem|Fractal geometry|Formal proof|Forcing|Filtration|Fundamental theorem,hard,60,High-level math topics
410,Advanced mathematics concepts,M,Manifold|Matrix decomposition|Markov chain|Measure theory|Modular arithmetic|Morphism|Mobius strip|Monte Carlo method|Multiplicative group|Metric space,hard,60,High-level math topics
411,Programming languages,G,Go|Groovy|GDScript|GLSL|Genie|GNU Smalltalk,hard,30,Languages used in software development
412,Programming languages,D,D|Dart|Dylan|Delphi|DAML|Dalvik,hard,30,Languages used in software development
413,Opera works,A,Aida|Ariadne auf Naxos|Andrea Chenier|Attila|Alcina|Adriana Lecouvreur|Anna Nicole|Arabella,hard,60,Famous operas from history
414,Opera works,O,Orfeo ed Euridice|Otello|Orlando|Oberon|Orfeo|Orlando Furioso,hard,30,Famous operas from history
415,Rare animal species,B,Bactrian camel|Baiji dolphin|Baw Frog|Black-footed ferret|Borneo pygmy elephant|Bornean orangutan|Bengal tiger|Blakiston fish owl|Burmese star tortoise|Black rhino,hard,60,Endangered or rare animals
416,Rare animal species,K,Kakapo|Kiwi|Komodo dragon|Kermode bear|Knysna seahorse|Kouprey,hard,30,Endangered or rare animals
417,Neuroscience terms,P,Prefrontal cortex|Plasticity|Pruning|Proprioception|Potentiation|Parietal lobe|Parkinson's disease|Peptide neurotransmitter|Pyramidal cell|Periaqueductal gray,hard,60,Terms related to the brain and nervous system
418,Neuroscience terms,T,Thalamus|Temporal lobe|Theta wave|Tract|Transgenic model|Trigeminal nerve|Transmitter|Top-down processing,hard,60,Terms related to the brain and nervous system
419,Philosophical schools of thought,A,Absurdism|Anarchism|Aristotelianism|Atomism|Aestheticism|Agnosticism|Anti-realism,hard,60,Major traditions and movements in philosophy
420,Philosophical schools of thought,U,Utilitarianism|Universalism|Utopianism|Ultra-empiricism,hard,30,Major traditions and movements in philosophy
421,Anatomical terms,F,Femur|Fibula|Fascia|Femoral artery|Follicle|Fornix|Fossa|Foramen|Frontal lobe|Fallopian tube,hard,60,Terms used in anatomy and medicine
422,Anatomical terms,T,Tibia|Trachea|Thorax|Tonsil|Thymus|Temporal bone|Tendon|Thalamus|Triceps|Tunica,hard,60,Terms used in anatomy and medicine
423,Dinosaur genera,S,Stegosaurus|Spinosaurus|Sauropelta|Styracosaurus|Scelidosaurus|Shunosaurus|Sauroposeidon|Saltasaurus|Sinornithosaurus|Segnosaurus,hard,60,Genus names of dinosaurs
424,Dinosaur genera,T,Tyrannosaurus|Triceratops|Troodon|Titanosaurus|Torosaurus|Therizinosaurus|Telmatosaurus|Tuatara,hard,60,Genus names of dinosaurs
425,Famous economists,A,Adam Smith|Alfred Marshall|Amartya Sen|Arrow Kenneth|Atkinson Anthony,hard,30,Renowned thinkers in economics
426,Famous economists,B,Ben Bernanke|Becker Gary|Bastiat Frederic|Buchanan James|Bergson Abram|Baumol William,hard,60,Renowned thinkers in economics
427,Quantum physics concepts,N,No-cloning theorem|Non-locality|Neutrino oscillation|Normal ordering|Nuclear spin|Number operator,hard,30,Concepts in quantum mechanics
428,Quantum physics concepts,A,Annihilation operator|Angular momentum|Adiabatic process|Anti-particle|Amplitude|Atomic orbital|Avoided crossing,hard,60,Concepts in quantum mechanics
429,Classical music composers,L,Liszt|Lully|Ligeti|Lassus|Leoncavallo|Loewe|Lutoslawski,hard,60,Composers of classical and orchestral music
430,Classical music composers,P,Prokofiev|Puccini|Purcell|Paganini|Pergolesi|Poulenc|Palestrina,hard,60,Composers of classical and orchestral music
431,Rare diseases,G,Gaucher disease|Goodpasture syndrome|Gorlin syndrome|Giant cell arteritis|Gitelman syndrome|Glycogen storage disease,hard,60,Uncommon or orphan medical conditions
432,Rare diseases,W,Wilson disease|Wegener granulomatosis|Wolman disease|Werner syndrome|Wiskott-Aldrich syndrome|Wolfram syndrome,hard,60,Uncommon or orphan medical conditions
433,Ancient Greek philosophers,H,Heraclitus|Hippocrates|Hipparchus|Hypatia|Hermias,hard,30,Thinkers from ancient Greece
434,Ancient Greek philosophers,E,Epicurus|Epictetus|Empedocles|Eudoxus|Euclid,hard,30,Thinkers from ancient Greece
435,Architectural styles,N,Neoclassical|Neo-Gothic|Neobaroque|Neoromanesque|Neofuturism,hard,30,Historical and contemporary styles of architecture
436,Architectural styles,M,Modernism|Minimalism|Mannerism|Mughal architecture|Metabolism movement|Mediterranean style,hard,60,Historical and contemporary styles of architecture
437,Advanced programming concepts,I,Inheritance|Immutability|Inversion of control|Iterator pattern|Idempotency|Instruction pipelining|Interface segregation|Implicit typing,hard,60,Concepts used in software engineering
438,Advanced programming concepts,L,Lazy evaluation|Lambda calculus|Load balancing|Linked list|Lexical scoping|Locking mechanism|Lock-free programming,hard,60,Concepts used in software engineering
439,International organisations,I,IMF|Interpol|ILO|ICC|IAEA|ICRC|IOM|ISO|INTA,hard,60,Global bodies and intergovernmental organizations
440,International organisations,O,OPEC|OECD|OAS|OAU|OIC|OSCE,hard,30,Global bodies and intergovernmental organizations
441,Famous literary works,W,War and Peace|Wuthering Heights|Walden|Waiting for Godot|Wicked|Women in Love|White Noise|Wilhelm Meister|Wide Sargasso Sea,hard,60,"Celebrated books, plays, and poems"
442,Famous literary works,T,The Odyssey|The Iliad|The Great Gatsby|The Trial|The Brothers Karamazov|The Stranger|The Divine Comedy|The Metamorphosis|The Canterbury Tales|The Waste Land,hard,60,"Celebrated books, plays, and poems"
443,Currencies of the world,K,Krone|Krona|Kuna|Kwanza|Kyat|Kwacha,hard,30,Official monetary units from around the world
444,Currencies of the world,B,Baht|Balboa|Bolivar|Boliviano|Birr|Butano,hard,30,Official monetary units from around the world
445,chemical elements,R,Rubidium|Ruthenium|Rhodium|Radon|Rhenium|Roentgenium|Rutherfordium|Radium,hard,60,Elements from the periodic table
446,philosophical concepts,F,Fatalism|Fallibilism|Free will|Functionalism|Foundationalism|Falsifiability|Formalism|Fideism|Flux,hard,60,Terms used in philosophy
447,philosophical concepts,C,Consequentialism|Compatibilism|Cognitivism|Coherentism|Constructivism|Cosmopolitanism|Categorical imperative|Causality|Conceptualism,hard,60,Terms used in philosophy
448,philosophical concepts,I,Idealism|Intersubjectivity|Intentionality|Instrumentalism|Internalism|Incommensurability|Inference|Immaterialism,hard,60,Terms used in philosophy
449,rare diseases,B,Behcet's disease|Batten disease|Birt-Hogg-Dube syndrome|Bloom syndrome|Balo's disease|Bannayan-Riley-Ruvalcaba syndrome,hard,60,Uncommon or orphan medical conditions
450,rare diseases,K,Kawasaki disease|Kleine-Levin syndrome|Krabbe disease|Kartagener syndrome|Kearns-Sayre syndrome,hard,60,Uncommon or orphan medical conditions
451,opera works,B,Boris Godunov|Billy Budd|Bluebeard's Castle|Beatrice and Benedict|Berenice,hard,60,Famous operas from around the world
452,opera works,E,Elektra|Eugene Onegin|Ernani|Euryanthe,hard,60,Famous operas from around the world
453,opera works,P,Parsifal|Pelleas et Melisande|Peter Grimes|Pique Dame|Porgy and Bess|Prince Igor,hard,60,Famous operas from around the world
454,linguistic terms,E,Ellipsis|Elision|Epenthesis|Etymology|Evidentiality|Exophora|Ergativity|Euphemism,hard,60,Terms from the study of language
455,linguistic terms,F,Fricative|Flap|Filler|Focalisation|Folk etymology|Free morpheme|Formulaic language,hard,60,Terms from the study of language
456,linguistic terms,N,Nasal|Nominal|Nominalization|Neologism|Negation|Nonstandard dialect|Null subject,hard,60,Terms from the study of language
457,economic theories,O,Ordoliberalism|Optimal currency area theory|Overlapping generations model|Output gap theory,hard,60,Schools or frameworks in economics
458,economic theories,S,Supply-side economics|Stagflation theory|Structuralism|Social choice theory|Sraffian economics|Search theory,hard,60,Schools or frameworks in economics
459,economic theories,R,Rational expectations theory|Ricardian equivalence|Real business cycle theory|Rent-seeking theory|Regulatory capture theory,hard,60,Schools or frameworks in economics
460,programming languages,E,Erlang|Elixir|Eiffel|Euphoria|Elm,hard,60,Languages used to write software
461,programming languages,F,Fortran|F#|Forth|Factor|Fantom|Felix,hard,60,Languages used to write software
462,programming languages,M,MATLAB|ML|Mercury|Miranda|Modula-2|Modula-3|Mojo,hard,60,Languages used to write software
463,programming languages,O,OCaml|Objective-C|Oberon|Oz|Occam,hard,60,Languages used to write software
464,advanced programming concepts,R,Recursion|Race condition|Reflection|Referential transparency|Reactive programming|Register allocation|Runtime polymorphism,hard,60,Advanced software engineering and CS concepts
465,advanced programming concepts,S,Semaphore|Serialization|Stack overflow|Static typing|Syntactic sugar|Scope resolution|Sharding|Symbol table,hard,60,Advanced software engineering and CS concepts
466,advanced programming concepts,T,Type inference|Thread safety|Tail call optimization|Tokenization|Transpiler|Turing completeness,hard,60,Advanced software engineering and CS concepts
467,advanced programming concepts,B,Binary search tree|Bytecode|Buffer overflow|Big-O notation|Backtracking|Branch prediction,hard,60,Advanced software engineering and CS concepts
468,quantum physics concepts,B,Bell's theorem|Bose-Einstein condensate|Bloch sphere|Bohr model|Bosons,hard,60,Concepts from quantum mechanics and particle physics
469,quantum physics concepts,F,Fermion|Feynman diagram|Fine structure constant|Fock space|Field quantization,hard,60,Concepts from quantum mechanics and particle physics
470,quantum physics concepts,G,Ground state|Gauge symmetry|Graviton|Gluon|GHZ state,hard,60,Concepts from quantum mechanics and particle physics
471,quantum physics concepts,R,Renormalization|Rabi oscillation|Reduced Planck constant|Resonance fluorescence,hard,60,Concepts from quantum mechanics and particle physics
472,rare animal species,C,Chinese pangolin|Cuban greater funnel-eared bat|Caspian seal|Cross River gorilla|Cetacean|Coconut crab|California condor,hard,60,Rare or endangered animals from around the world
473,rare animal species,D,Dugong|Dhole|Dracula parrot|Dama gazelle|Darwin's fox|Dwarf blue sheep,hard,60,Rare or endangered animals from around the world
474,rare animal species,E,Ethiopian wolf|Entlebucher mountain dog|Eastern quoll|Egyptian tortoise|Eld's deer,hard,60,Rare or endangered animals from around the world
475,rare animal species,G,Gharial|Grevy's zebra|Golden poison dart frog|Gelada|Gulf porpoise|Giant ibis,hard,60,Rare or endangered animals from around the world
476,anatomical terms,P,Patella|Pancreas|Parietal lobe|Phalanges|Periosteum|Peristalsis|Pharynx|Placenta|Pleura,hard,60,Terms used in human anatomy
477,anatomical terms,R,Radius|Rectum|Retina|Renal cortex|Rib|Rotator cuff|Rugae,hard,60,Terms used in human anatomy
478,anatomical terms,L,Larynx|Ligament|Lymph node|Lumbar vertebra|Lacrimal gland|Lumen|Lobes of the liver,hard,60,Terms used in human anatomy
479,anatomical terms,E,Epidermis|Esophagus|Eardrum|Endometrium|Epiglottis|Epididymis|Erector spinae,hard,60,Terms used in human anatomy
480,medical conditions and diseases,N,Narcolepsy|Nephrotic syndrome|Neuralgia|Neurofibromatosis|Non-Hodgkin lymphoma|Neuropathy,hard,60,Diseases and medical disorders
481,medical conditions and diseases,O,Osteoporosis|Osteoarthritis|Oliguria|Onchocerciasis|Obstructive sleep apnea,hard,60,Diseases and medical disorders
482,medical conditions and diseases,P,Parkinson's disease|Pancreatitis|Pericarditis|Polymyositis|Porphyria|Psoriasis|Pulmonary embolism|Pyloric stenosis,hard,60,Diseases and medical disorders
483,classical music composers,V,Verdi|Vivaldi|Vaughan Williams|Villa-Lobos|Von Weber,hard,60,Composers of classical and orchestral music
484,classical music composers,G,Grieg|Gluck|Glazunov|Granados|Glinka,hard,60,Composers of classical and orchestral music
485,Chemical elements,D,Dubnium|Dysprosium|Darmstadtium|Deuterium,hard,20,Elements from the periodic table
486,Chemical elements,H,Hydrogen|Helium|Hafnium|Hassium|Holmium,hard,30,Elements from the periodic table
487,Philosophical concepts,B,Being|Becoming|Bad faith|Beauty|Belief|Benevolence|Bivalence,hard,60,Terms used in philosophy and ethics
488,Philosophical concepts,G,Good|Goodness|Ground|General will,hard,20,Terms used in philosophy and ethics
489,Linguistic terms,G,Grammar|Gloss|Glottalization|Genitive|Gender|Gradience|Grammaticalization,hard,60,Terms used in linguistics
490,Linguistic terms,L,Lexeme|Lemma|Loanword|Laryngeal|Lateral|Lexicology|Logograph|Lingua franca,hard,60,Terms used in linguistics
491,Linguistic terms,T,Tense|Tone|Typology|Transitivity|Transliteration|Trigraph|Topic,hard,60,Terms used in linguistics
492,Neuroscience terms,B,Basal ganglia|Brainstem|Broca's area|Blood-brain barrier|Brodmann area|Beta wave,hard,60,Terms from neuroscience and brain anatomy
493,Neuroscience terms,E,Engram|Excitatory|Electroencephalography|Endorphin|Efferent|Entorhinal cortex,hard,60,Terms from neuroscience and brain anatomy
494,Neuroscience terms,M,Myelin|Motor cortex|Meninges|Microglia|Membrane potential|Mirror neuron,hard,60,Terms from neuroscience and brain anatomy
495,Rare animal species,F,Fishing cat|Fossa|Fathead minnow|Fin whale|Flat-headed cat|Forest elephant|Frigate island giant tortoise,hard,60,Rare or endangered animals
496,Rare animal species,H,Hirola|Helmeted hornbill|Himalayan wolf|Hooded seal|Huemul|Hairy-nosed otter|Humphead wrasse,hard,60,Rare or endangered animals
497,Rare animal species,I,Irrawaddy dolphin|Iberian lynx|Indian vulture|Iriomote cat|Island fox,hard,60,Rare or endangered animals
498,Rare animal species,L,Leadbeater's possum|Long-tailed chinchilla|Loggerhead sea turtle|Largetooth sawfish|Lowland tapir|Lumholtz's tree-kangaroo,hard,60,Rare or endangered animals
499,Rare animal species,N,Narwhal|Northern hairy-nosed wombat|Numbat|Nene goose|Night parrot|Northern bald ibis,hard,60,Rare or endangered animals
500,Rare animal species,P,Pangolin|Proboscis monkey|Pygmy hippopotamus|Pinta Island tortoise|Ploughshare tortoise|Philippine eagle|Pygmy three-toed sloth,hard,60,Rare or endangered animals
501,States in India,M,Madhya Pradesh|Maharashtra|Manipur|Meghalaya|Mizoram|Mysore|Malwa|Malabar|Marathwada|Mewar,hard,60,
502,Bollywood actors,*,Dilip Kumar|Guru Dutt|Balraj Sahni|Sanjeev Kumar|Naseeruddin Shah|Om Puri|Manoj Kumar|Dharmendra|Rajesh Khanna|Vinod Khanna,hard,60,
503,Rivers in Kerala,P,Pamba|Periyar|Ponnani|Pambar|Payaswini|Perumba|Peppara|Palakkad|Punnapuzha,hard,60,
504,Countries in the world,B,Bahrain|Bangladesh|Barbados|Belarus|Belize|Bhutan|Bolivia|Bosnia Herzegovina|Botswana|Burkina Faso,hard,60,
505,Famous Indian dishes,K,Kadhi|Khichdi|Kosha Mangsho|Kulcha|Keema Matar|Karivepaku|Kothu Parotta|Kachori|Kokum Curry|Kuzhambu,hard,60,
506,Hollywood actors,*,Marlon Brando|Dustin Hoffman|Jack Nicholson|Al Pacino|Robert De Niro|Cary Grant|Montgomery Clift|Gene Hackman|Harvey Keitel|Paul Newman,hard,60,
507,Dams in Kerala,I,Idamalayar Dam|Idukki Dam|Ithikkara Dam|Inchampara Dam|Iruttukkanam Dam|Iruttukanam Reservoir|Idamalayar Reservoir|Idukki Arch Dam|Injipara Dam|Iravikulam Dam,hard,60,
508,World capital cities,M,Maputo|Maseru|Mbabane|Mogadishu|Monrovia|Montevideo|Moroni|Moscow|Muscat|Malé,hard,60,
509,Indian scientists,S,Satyendra Nath Bose|Subrahmanyan Chandrasekhar|Srinivasa Ramanujan|Salim Ali|Shanti Swarup Bhatnagar|Shreeram Shankar Abhyankar|Soumya Swaminathan|Subramaniam Chandrasekhar|Satish Dhawan|Sisir Kumar Mitra,hard,60,
510,Places in Kerala,T,Thrissur|Thiruvananthapuram|Thalassery|Tirur|Thenmala|Tripunithura|Thodupuzha|Tanur|Tiruvalla|Taliparamba,hard,60,
511,Film directors in India,*,Satyajit Ray|Mrinal Sen|Ritwik Ghatak|Guru Dutt|Shyam Benegal|Adoor Gopalakrishnan|Girish Kasaravalli|Mani Kaul|Kumar Shahani|Buddhadeb Dasgupta,hard,60,
512,Mountain ranges in India,S,Shivalik Range|Satpura Range|Sahyadri|Singhalilas|Seshachalam Hills|Sirohi Range|Sandhan Valley|Sulaiman Range|Spiti Range|Siwalik Hills,hard,60,
513,Languages of the world,T,Tocharian|Tigrinya|Tzeltal|Tuvan|Tagalog|Tibetan|Tok Pisin|Tswana|Tamasheq|Tatar,hard,60,
514,Indian freedom fighters,*,Bhagat Singh|Bal Gangadhar Tilak|Subhas Chandra Bose|Lala Lajpat Rai|Bipin Chandra Pal|Chandrashekhar Azad|Sukhdev Thapar|Rajguru|Mangal Pandey|Udham Singh,hard,60,
515,Monuments in India,H,Humayun's Tomb|Hawa Mahal|Hijli Detention Camp|Hoysaleswara Temple|Hazarduari Palace|Hill Fort Kesroli|Hampi Ruins|Hauz Khas|Hooghly Imambara|Hazara Rama Temple,hard,60,
516,Olympic sports,S,Shooting|Sailing|Skateboarding|Skeleton|Ski jumping|Snowboard cross|Speed skating|Surfing|Softball|Skeet shooting,hard,60,
517,Famous Kerala dishes,A,Appam|Avial|Ada Pradhaman|Achappam|Arikadukka|Alisa|Ada|Ammini Kozhukatta|Ari Pathiri|Ari Unda,hard,60,
518,Chief Ministers of India,*,Mamata Banerjee|Arvind Kejriwal|Yogi Adityanath|Nitish Kumar|Devendra Fadnavis|Bhupesh Baghel|Pinarayi Vijayan|Hemant Soren|Siddaramaiah|M K Stalin,hard,60,
519,Rivers in India,K,Kaveri|Krishna|Koyna|Kabini|Kosi|Ken|Kunti|Kundali|Kalinadi|Kshipra,hard,60,
520,Musical instruments,T,Theorbo|Tanbur|Tarogato|Tromba Marina|Tartold|Theremin|Tiple|Tsugaru Shamisen|Taiko|Tuba,hard,60,
521,Wildlife sanctuaries in Kerala,P,Parambikulam|Peechi-Vazhani|Periyar|Pooyamkutty|Peppara|Palode|Padinharathara|Ponmudi|Pambadumshola|Pathiramanal,hard,60,
522,Capital cities of Indian states,B,Bhopal|Bengaluru|Bhubaneswar|Bilaspur|Belagavi|Bokaro|Bankura|Barddhaman|Baramulla|Bijpur,hard,60,
523,Malayalam actors,*,Mohanlal|Mammootty|Fahadh Faasil|Dulquer Salmaan|Prithviraj Sukumaran|Jayaram|Dileep|Nivin Pauly|Tovino Thomas|Asif Ali,hard,60,
524,Famous monuments worldwide,C,Colosseum|Chichen Itza|Corcovado|Chartres Cathedral|Charminar|Chez Castillo|Cleopatra's Needle|Cologne Cathedral|Cheops Pyramid|Citadel Mycenae,hard,60,
525,Spices used in Indian cooking,C,Cumin|Cardamom|Coriander|Cinnamon|Cloves|Curry leaf|Chili powder|Carom seeds|Cubeb pepper|Cassia bark,hard,60,
526,Cities in India,N,Nagpur|Nashik|Navi Mumbai|Noida|Nellore|Nizamabad|Nadiad|Navsari|Namchi|Neyveli,hard,60,
527,Viceroys of India,*,Mountbatten|Curzon|Dalhousie|Wavell|Linlithgow|Minto|Ripon|Lytton|Hardinge|Chelmsford,hard,60,
528,Countries in the world,C,Cambodia|Cameroon|Cape Verde|Central African Republic|Chad|Chile|Colombia|Comoros|Croatia|Cyprus,hard,60,
529,Hill stations in India,M,Mahabaleshwar|Munnar|Mussoorie|Manali|Matheran|McLeod Ganj|Mukteshwar|Muktagiri|Mandali|Munsiyari,hard,60,
530,Indian prime ministers,*,Nehru|Indira Gandhi|Rajiv Gandhi|Lal Shastri|Morarji Desai|Charan Singh|Rajiv Gandhi|Narasimha Rao|Atal Vajpayee|Manmohan Singh,hard,60,
531,Places in India,V,Varanasi|Vizag|Vellore|Vadodara|Vijayawada|Visakhapatnam|Vrindavan|Vasco da Gama|Villupuram|Vikhroli,hard,60,
532,World capital cities,K,Kabul|Kampala|Kathmandu|Khartoum|Kiev|Kigali|Kingston|Kingstown|Koror|Kuala Lumpur,hard,60,
533,Bollywood movies,D,Devdas|Dil|Dhoom|Dangal|Drishyam|Dabangg|Dilwale|Don|Dil Chahta|Duplicate,hard,60,
534,Rivers in India,M,Mahanadi|Mahi|Mandovi|Malaprabha|Moyar|Manas|Manipur River|Machhu|Mayurakshi|Manjira,hard,60,
535,Languages of the world,S,Sardinian|Silesian|Sindhi|Sinhala|Sogdian|Sorbian|Sumerian|Sundanese|Syriac|Sicilian,hard,60,
536,Indian sportspeople,S,Saina Nehwal|Sunil Gavaskar|Sania Mirza|Sachin Tendulkar|Sourav Ganguly|Shikhar Dhawan|Sumit Nagal|Sreesanth|Sushil Kumar|Sanjeeva Kumar,hard,60,
537,Famous Indian dishes,B,Biryani|Bhelpuri|Butter Chicken|Baingan Bharta|Bhatura|Bihari Kebab|Bisi Bele Bath|Bombayduck|Bedmi Puri|Bajra Khichdi,hard,60,
538,States in India,T,Telangana|Tamil Nadu|Tripura,hard,60,
539,Olympic sports,B,Biathlon|Bobsled|Boxing|Badminton|Basketball|Beach Volleyball|Breakdancing|BMX Racing|Boat Racing|Breaststroke,hard,60,
540,Monuments in India,R,Rashtrapati Bhavan|Red Fort|Rumi Darwaza|Raj Ghat|Rani ki Vav|Rock Fort|Residency Lucknow|Ranakpur Temple|Raigad Fort|Rohtas Fort,hard,60,
541,Musical instruments,S,Sarinda|Salpinx|Shakuhachi|Sarangi|Santur|Sousaphone|Sitar|Serpent|Salterio|Shruti box,hard,60,
542,Countries in the world,S,San Marino|Saudi Arabia|Senegal|Seychelles|Sierra Leone|Slovakia|Slovenia|Solomon Islands|Somalia,hard,60,
543,Spices used in Indian cooking,T,Turmeric|Tejpat|Tymur|Tamarind|Timur pepper|Trikatu|Til seeds|Triphal|Tonk bean|Trachyspermum,hard,60,
544,Hill stations in India,K,Kodaikanal|Kufri|Kasauli|Khajjiar|Kausani|Kollimalai|Kodagu|Kalimpong|Kothagiri|Keylong,hard,60,
545,Capital cities of Indian states,P,Patna|Panaji|Port Blair|Puducherry|Pune|Prayagraj|Panji|Pasighat|Pelling|Porvorim,hard,60,
546,Famous monuments worldwide,P,Parthenon|Pantheon|Persepolis|Petra|Palenque|Palmyra|Pompeii|Potala Palace|Pisa Tower|Prasat Bayon,hard,60,
547,Bollywood movies,K,Kaagaz Ke Phool|Kaminey|Kapoor & Sons|Kahaani|Krrish|Khalnayak|Koyla|Kick|Kedarnath,hard,60,
548,Cities in India,H,Hyderabad|Haridwar|Hubli|Hosur|Haldwani|Hinganghat|Hospet|Hazaribagh|Hisar|Hindupur,hard,60,
549,Indian scientists,R,Ramanujan|Raman|Ramanathan|Ramachandran|Rajaraman|Raj Reddy|Rohini Godbole|Raghunath Mashelkar|Roddam Narasimha|Raja Ramanna,hard,60,
550,Rivers in India,G,Ganges|Godavari|Gomti|Gandak|Ghaghra|Ghaghara|Girna|Ganga Canal|Ghataprabha|Gambhir,hard,60,
551,Famous Kerala dishes,P,Pathiri|Puttu|Pazham Pori|Palappam|Parippu Curry|Pesaha Appam|Pidi|Payasam|Parotta|Pappadam,hard,60,
552,Districts of Kerala,T,Thrissur|Thiruvananthapuram|Thrissur Rural|Thalassery|Taluk|Thiruvalla|Thrikkariyur|Thodupuzha|Thaliparamba|Thirurangadi,hard,60,
553,Places in Kerala,K,Kodungallur|Kasaragod|Kalpetta|Kannur|Kothamangalam|Kunnamkulam|Kozhikode|Kuttanad|Kayamkulam|Kochi,hard,60,
554,Footballers,R,Robben|Ronaldinho|Rivaldo|Riquelme|Rooney|Ribery|Romario|Raul|Redondo|Robinho,hard,60,
555,Cricketers,S,Shakib Al Hasan|Shoaib Akhtar|Steve Harmison|Shane Bond|Sanath Jayasuriya|Stuart Broad|Shivnarine Chanderpaul|Sachin Tendulkar|Shaun Pollock|Sunil Gavaskar,hard,60,
556,Tourist spots in Kerala,M,Munnar|Malampuzha|Marari Beach|Mattancherry|Muzhappilangad|Marayoor|Mannarasala|Meenmutty Falls|Munambam|Malabar,hard,60,
557,IPL,C,Chennai Super Kings|Cuttack|Captaincy|Cover drive|Chinnaswamy Stadium|Chris Gayle|Champions|Caught behind|Cobras|Comeback,hard,60,
558,Famous people in Kerala,K,Kunjali Marakkar|Kodungallur Bharani|K. Karunakaran|Kalpana Chawla|Kesari Balakrishna Pillai|K. Sudhakaran|Kadammanitta Ramakrishnan|Kaviyoor Ponnamma|Kottayam Chellappan|Kunjan Nambiar,hard,60,
559,Tennis players,S,Stan Wawrinka|Stefanos Tsitsipas|Sabine Lisicki|Simona Halep|Sloane Stephens|Svetlana Kuznetsova|Sam Querrey|Sania Mirza|Sergi Bruguera|Stanislas Wawrinka,hard,60,
560,Indian legends,R,Rama|Ravana|Rishyashringa|Rukmini|Rohini|Radha|Rahu|Riksharajas|Revati|Raktabija,hard,60,
561,States in India,R,Rajasthan|Rajouri|Raipur|Ranchi|Rewa|Rohtak|Raigad|Ratnagiri|Rampur|Robertsganj,hard,60,
562,World capital cities,B,Baghdad|Baku|Bamako|Bangkok|Bangui|Banjul|Beijing|Beirut|Belgrade|Berlin,hard,60,
563,Cities in India,P,Pune|Patna|Puducherry|Prayagraj|Panaji|Patiala|Palakkad|Phagwara|Pathankot|Porbandar,hard,60,
564,Famous monuments worldwide,T,Tikal|Teotihuacan|Treasury Petra|Trevi Fountain|Tower Bridge|Tulum|Taj Mahal|Temple Karnak|Topkapi Palace|Tiwanaku,hard,60,
565,Indian history,M,Maurya Empire|Maratha Confederacy|Mughal Dynasty|Mahabharat|Moplah Rebellion|Mysore Wars|Mahmud Ghazni|Mehrauli Pillar|Mutiny 1857|Megasthenes,hard,60,
566,Districts of Kerala,K,Kasaragod|Kannur|Kozhikode|Kottayam|Kollam,hard,60,
567,Indian scientists,C,Chandrasekhar|CNR Rao|CV Raman|Calyampudi Rao|Churni Devi|Coventry Patmore|Chandra Bose|Chellapilla Venkata|Canjeevaram Venkataraman|Cyril Ponnamperuma,hard,60,
568,Footballers,M,Modric|Maldini|Müller|Makelele|Marchisio|Materazzi|Milito|Milinković-Savić|Mkhitaryan|Montolivo,hard,60,
569,Languages of the world,P,Punjabi|Pashto|Provençal|Piedmontese|Pohnpeian|Papiamento|Pontic Greek|Permyak|Palauan|Picard,hard,60,
570,Monuments in India,T,Taj Mahal|Thanjavur Temple|Tipu Sultan Palace|Tower of Silence|Tughlaqabad Fort|Trimala Temple|Trimbakeshwar|Teen Murti|Taragarh Fort|Thiruvananthapuram Palace,hard,60,
571,Cricketers,K,Kumar Sangakkara|Kapil Dev|Kevin Pietersen|Kane Williamson|Kagiso Rabada|Kieron Pollard|Kemar Roach|Kyle Jamieson|Kruger van Wyk|Kusal Mendis,hard,60,
572,Wildlife sanctuaries in Kerala,C,Chinnar Wildlife Sanctuary|Chimmony Wildlife Sanctuary|Chulannur Peafowl Sanctuary|Corbett Reserve|Cranganore Bird Sanctuary|Chalakudy Forest|Chenkara Reserve|Cochin Wildlife Zone|Chelembra Reserve|Curulai Sanctuary,hard,60,
573,Countries in the world,M,Madagascar|Malawi|Maldives|Mali|Malta|Marshall Islands|Mauritania|Mauritius|Micronesia|Montenegro,hard,60,
574,Indian sportspeople,P,Pullela Gopichand|Pankaj Advani|PT Usha|Prakash Padukone|Palwinder Cheema|Prithvi Shaw|Poonam Yadav|Parupalli Kashyap|Praveen Kumar|Pankaj Singh,hard,60,
575,Dams in Kerala,B,Banasura Sagar Dam|Bhoothathankettu Dam|Banasuranmala Dam|Beypore Dam|Biriyani Dam|Boothathankettu|Banjar Dam|Bhavanipuzha Dam|Bonacaud Dam|Brindavan Dam,hard,60,
576,Famous Indian dishes,D,Dhansak|Dal Baati|Dosa|Dabeli|Dhokla|Dum Biryani|Dahi Vada|Dalma|Dodha Burfi|Daulat Ki Chaat,hard,60,
577,Mountain ranges in India,K,Karakoram|Kailash Range|Kameng Hills|Kaimur Range|Kodaikanal Hills|Kalsubai Range|Khasi Hills|Kumaon Himalayas|Krishnagiri Hills|Kullu Range,hard,60,
578,Tourist spots in Kerala,A,Athirappilly|Ashtamudi Lake|Agasthyarkoodam|Aralam|Anchuthengu Fort|Adimali|Aluva|Aruvikkara|Ambukuthi Hills|Aryankavu,hard,60,
579,World capital cities,N,Nairobi|Nassau|Ndjamena|New Delhi|Niamey|Nicosia|Nouakchott|Nouméa|Nukualofa|Nur-Sultan,hard,60,
580,Spices used in Indian cooking,K,Kalonji|Kokum|Kewra|Kadipatta|Kabab chini|Kuttu|Kasoori methi|Kachri|Kundru|Kesar,hard,60,
581,Indian history,B,Babur|Buxar|Bhonsle|Bajirao|Bakhtiyar Khilji|Brahmo Samaj|Bhopal Begums|Bandipore Treaty|Bhakti Movement|Baji Rao II,hard,60,
582,Badminton players,S,Saina Nehwal|Son Wan Ho|Srikanth Kidambi|Sayaka Sato|Sung Ji Hyun|Suphanida Iam-on|Shesar Hiren Rhustavito|Susi Susanti|Sindhu Pusarla|Satwiksairaj Rankireddy,hard,60,
583,Rivers in Kerala,K,Kabani River|Kallada River|Kaliyar River|Karamana River|Karuvannur River|Kayamkulam River|Keecheri River|Killi River|Korapuzha River|Kundali River,hard,60,
584,IPL,M,Mumbai Indians|Manvir Singh|Match referee|Mumbai|Mayank Agarwal|Mystery spinner|Match fixing|Moneyball strategy|Momentum shifts|Medium pacer,hard,60,
585,Musical instruments,V,Vielle|Virginal|Viola da gamba|Vuvuzela|Veena|Violone|Vibraphone|Vihuela|Violotta|Vocoder,hard,60,
586,Bollywood movies,M,Mughal-E-Azam|Mother India|Madhumati|Mard|Masoom|Munna Bhai|Mohra|Mrityudand|Mili|Manthan,hard,60,
587,Famous Kerala dishes,K,Karimeen pollichathu|Kallappam|Kadala curry|Kozhikodan halwa|Kappa biriyani|Kozhi curry|Kuzhalappam|Kanji|Kovakka thoran|Koottu curry,hard,60,
588,Indian philosophy and spirituality,V,Vaisheshika|Vedanta|Vivartavada|Vairagya|Vritti|Vasana|Vishishtadvaita|Vyakarana|Vichara|Viveka,hard,60,
589,Districts of Kerala,M,Malappuram|Mannarghat|Mannarkkad|Marayamuttom|Maradu|Mavoor|Muvattupuzha|Mundakayam|Munnar|Meppadi,hard,60,
590,Indian legends,S,Savitri|Shakuntala|Shikhandi|Surpanakha|Subhadra|Sita|Skanda|Syamantaka|Satyavan|Sudama,hard,60,
591,Cricketers,R,Ravi Shastri|Rangana Herath|Ross Taylor|Rahul Dravid|Rohit Sharma|Ryan Harris|Ramnaresh Sarwan|Richie Benaud|Robin Smith|Reggie Duff,hard,60,
592,Hill stations in India,D,Darjeeling|Dalhousie|Dharamshala|Dehra Dun|Dainkund|Doddabetta|Dandeli|Dauladhar|Deoban|Dudhsagar,hard,60,
593,Chess players,K,Kasparov|Karpov|Kramnik|Korchnoi|Kamsky|Kotov|Kieseritzky|Khalifman|Kosteniuk|Kozul,hard,60,
594,Famous people in Kerala,M,Mammootty|Mohanlal|Madhavikutty|Murali|M. S. Baburaj|Mankombu Sambasivan|Moopil Nair|M. G. Soman|Mattannur Sankarankutty,hard,60,
595,Places in India,T,Thanjavur|Thrissur|Tiruvannamalai|Tughlaqabad|Tawang|Tiruchirappalli|Tadoba|Thekkady|Tinsukia|Tuticorin,hard,60,
596,Rivers in Kerala,P,Periyar|Pamba|Pajhayar|Puzhakkal|Punnapuzha|Pallikkalpuzha,hard,60,
597,Indian Freedom Fighters,B,Bhagat Singh|Bipin Chandra Pal|Bal Gangadhar Tilak|Batukeshwar Dutt|Bihari Lal Chaubey,hard,60,
598,Malayalam Authors,V,Vaikom Muhammad Basheer|Vallathol Narayana Menon|V. T. Bhattathiripad|Vayalar Ramavarma|V. K. N.,hard,60,
599,Indian National Parks,K,Kanha|Kaziranga|Keoladeo|Kanchendzonga|Kudremukh|Kishtwar,hard,60,
600,Districts in Kerala,K,Kollam|Kottayam|Kozhikode|Kannur|Kasaragod,hard,60,
601,Indian Scientists,C,C. V. Raman|Chandrasekhara|C. N. R. Rao|C. R. Rao|C. K. Majumdar,hard,60,
602,Malayalam Movies,N,Nirmalyam|Nakhakshathangal|Namukku Parkkan Munthirithoppukal|Nandanam|Njan Gandharvan,hard,60,
603,Indian Cities,S,Srinagar|Surat|Shimla|Salem|Solapur|Satara|Sagar,hard,60,
604,Kerala Backwater Locations,A,Alappuzha|Ashtamudi|Aymanam|Arattupuzha|Akathumuri,hard,60,
605,Indian Kings,A,Ashoka|Akbar|Ajatashatru|Aurangzeb|Amoghavarsha|Aditya Chola,hard,60,
606,Kerala Temple Arts,K,Kathakali|Koodiyattam|Krishnanattam|Kalaripayattu|Koothu,hard,60,
607,Indian Rivers,N,Narmada|Netravati|Noyyal|Nagavali|Nira,hard,60,
608,Malayalam Poets,O,O. N. V. Kurup|Oyyarathu Chandu Menon|Olappamanna|O. V. Vijayan,hard,60,
609,Indian Monuments,H,Hampi|Humayun Tomb|Hawa Mahal|Halebidu|Hazara Rama,hard,60,
610,Kerala Politicians,K,K. Karunakaran|K. R. Gowri Amma|K. Kelappan|K. Mani|Kodiyeri Balakrishnan,hard,60,
611,Indian Classical Dances,M,Mohiniyattam|Manipuri|Munda|Mylattam,hard,60,
612,Mountains in India,K,Kanchenjunga|Kamet|Kalsubai|Kudremukh|Kinner Kailash,hard,60,
613,Kerala Islands,W,Willingdon|Vypin|Vallarpadam|Venduruthy,hard,60,
614,Indian Spices,C,Cardamom|Cinnamon|Cloves|Cumin|Coriander,hard,60,
615,Malayalam Singers,P,P. Jayachandran|P. Leela|P. Madhuri|P. Susheela,hard,60,
616,Indian Lakes,V,Vembanad|Vellar|Vajahl|Vansda,hard,60,
617,Kerala Wildlife Sanctuaries,C,Chinnar|Chimmini|Chenduruny|Chulannur,hard,60,
618,Indian Nobel Laureates,R,Rabindranath Tagore|R. K. Pachauri|Ramakrishnan|Raman,hard,60,
619,Historical Sites in Kerala,B,Bekal Fort|Bolgatty Palace|Bastion Bungalow|British Residency,hard,60,
620,Indian Dynasties,C,Chola|Chera|Chalukya|Chandela|Chauhan,hard,60,
621,Malayalam Comedians,J,Jagathy Sreekumar|Innocent|Jagadish|Janardhanan|Jaffar Idukki,hard,60,
622,Indian Philosophers,S,Shankara|Siddhartha|Swami Vivekananda|Sri Aurobindo,hard,60,
623,Traditional Dress Kerala,M,Mundu|Mundum Neriyathum|Melmundu|Mundu Veshti,hard,60,
624,Indian Statesmen,S,Sardar Patel|S. Radhakrishnan|Subhas Chandra Bose|Shyama Prasad Mukherjee,hard,60,
625,Kerala Beaches,V,Varkala|Vadanappally|Valiyathura|Vatakkad,hard,60,
626,Indian Bird Sanctuaries,S,Sultanpur|Salim Ali|Suchindram|Samaspur,hard,60,
627,Malayalam Directors,A,Adoor Gopalakrishnan|Aravindan|Amal Neerad|Anjali Menon|Alphonse Puthren,hard,60,
628,Indian Festivals,D,Diwali|Dussehra|Dree|Dol Jatra,hard,60,
629,Kerala Waterfalls,A,Athirappilly|Aruvikkuzhi|Adyanpara|Aripara,hard,60,
630,Indian Tree Species,S,Sandalwood|Sal|Shisham|Semal|Sagwan,hard,60,
631,Malayalam Playwrights,T,Thoppil Bhasi|T. N. Gopinathan Nair|Thikkurissy|T. Damodaran,hard,60,
632,Indian Mountain Passes,N,Nathu La|Niti Pass|Namika La|Nakee La,hard,60,
633,Kerala Dams,M,Mullaperiyar|Malampuzha|Mattupetty|Maniyar|Meenkara,hard,60,
634,Indian Musical Instruments,S,Sitar|Sarod|Santoor|Sarangi|Shehnai,hard,60,
635,Malayalam News Channels,M,Manorama News|Mathrubhumi News|MediaOne|Malayalam News,hard,60,
636,Indian Authors (English),R,R. K. Narayan|Raja Rao|Ruskin Bond|Rohinton Mistry,hard,60,
637,Kerala Folklore Characters,O,Othenan|Odiyan|Onathappan|Oravan,hard,60,
638,Indian Ports,M,Mormugao|Mumbai|Mangalore|Mundra|Machilipatnam,hard,60,
639,Malayalam Actors (Golden Age),S,Sathyan|Sheela|Sharada|Sukumaran|Soman,hard,60,
640,Indian Reservoirs,H,Hirakud|Harike|Hemavathi|Hasdeo Bango,hard,60,
641,Kerala Temples,S,Sabarimala|Sree Padmanabhaswamy|Sree Krishna Temple|Sree Poornathrayeesa,hard,60,
642,Indian Crops,M,Maize|Millets|Mustard|Moong|Masur,hard,60,
643,Malayalam Literary Awards,E,Ezhuthachan Puraskaram|Edasseri Award|Ente Katha|Ezhuthu,hard,60,
644,Indian Railways Zones,S,Southern|South Eastern|South Central|South Western,hard,60,
645,Kerala Traditional Food,P,Puttu|Pathiri|Palada|Pachadi|Parippu,hard,60,
646,Indian Constitutional Figures,B,B. R. Ambedkar|B. N. Rau|Babu Rajendra Prasad|Balwantrai Mehta,hard,60,
647,Malayalam Lyricists,G,Gireesh Puthenchery|Gulzar|G. K. Bharathan|G. Venugopal,hard,60,
648,Indian National Symbols,L,Lotus|Lion Capital|Lantana|Langur,hard,60,
649,Kerala Hill Stations,W,Wayanad|Wagamon|Vagamon|Vythiri,hard,60,
650,Indian Battles,P,Panipat|Plassey|Pauri|Pollilur,hard,60,
651,Malayalam Actresses,M,Manju Warrier|Meera Jasmine|Mamta Mohandas|Muthumani,hard,60,
652,Indian Airports,I,Indira Gandhi|Indore|Imphal|Itheshwari,hard,60,
653,Kerala Ritual Arts,T,Theyyam|Thira|Thiyyattu|Thidambu Nritham,hard,60,
654,Indian Space Missions,C,Chandrayaan|Cartosat|CMS-01|Chasme,hard,60,
655,Malayalam Satirists,S,Sanjayan|Sreekumar|S. K. Pottekkatt|Sathyan Anthikad,hard,60,
656,Indian Caves,A,Ajanta|Amarnath|Aurangabad|Arwah,hard,60,
657,Kerala Educational Institutions,C,Cochin University|Calicut University|CET|CMS College,hard,60,
658,Indian Wildlife,B,Bengal Tiger|Blackbuck|Bison|Barasingha,hard,60,
659,Malayalam Travelogues,S,Sancharam|S. K. Pottekkatt|Safari|Sanchari,hard,60,
660,Indian Prime Ministers,I,Indira Gandhi|I. K. Gujral|Inder Kumar|Ibrahim,hard,60,
661,Kerala Boat Races,N,Nehru Trophy|Neerettupuram|Nath|Nanniode,hard,60,
662,Indian Classical Singers,M,M. S. Subbulakshmi|M. Balamuralikrishna|Mallikarjun Mansur|Manas,hard,60,
663,Malayalam Villains,K,Kalasala Babu|Keerikkadan Jose|K. P. A. C. Lalitha|Kottarakkara,hard,60,
664,Indian Textiles,K,Kanjeevaram|Khadi|Kalamkari|Kasavu|Kashmiri,hard,60,
665,Kerala Tribes,K,Kurichiyar|Kurumbar|Kadar|Kanikkar,hard,60,
666,Indian Islands,L,Lakshadweep|Little Andaman|Labyrinth|Lohachara,hard,60,
667,Malayalam Periodicals,M,Mathrubhumi|Manorama|Madhyamam|Mangalam,hard,60,
668,Indian High Courts,K,Kerala|Karnataka|Kolkata|Kerala,hard,60,
669,Kerala Architectural Terms,N,Nalukettu|Niranjanam|Nadumuttam|Namaskara Mandapam,hard,60,
670,Indian Wildlife Scientists,S,Salim Ali|Samyak|Seshadri|Sankhala,hard,60,
671,Malayalam Dubbing Artists,B,Bhagyalakshmi|Babu|Beena|Binu,hard,60,
672,Indian Statues,U,Unity|Ulagalanthar|Udayagiri|Uthiramerur,hard,60,
673,Kerala Spices & Crops,R,Rubber|Rice|Ragi|Robusta,hard,60,
674,Indian Deserts,T,Thar|Thal|Tirunelveli|Tibet,hard,60,
675,Malayalam Award-Winning Films,V,Vanaprastham|Vidheyan|Vasthuhara|Veettilekkulla Vazhi,hard,60,
676,Indian Tribal Groups,G,Gonds|Garasia|Guijars|Gaddi,hard,60,
677,Kerala Famous Parks,T,Thekkady|Thattekad|Trivandrum Zoo|Technopark,hard,60,
678,Indian Epic Characters,D,Duryodhana|Drona|Dushyanta|Damayanti|Draupadi,hard,60,
679,Malayalam Cinematographers,M,Madhu Ambat|Mankada Ravi Varma|M. J. Radhakrishnan|Madhu Neelakandan,hard,60,
680,Indian Union Territories,D,Dadra and Nagar Haveli|Daman and Diu|Delhi|Delhi,hard,60,
681,Kerala Historical Figures,P,Pazhassi Raja|Punnapra Vayalar|P. Krishna Pillai|Paliath Achan,hard,60,
682,Indian Mathematicians,B,Bhaskara|Brahmagupta|Baudhayana|Bose,hard,60,
683,Malayalam Serialized Novels,A,Agnisakshi|Aalahayude Penmakkal|Aarachaar|Ayussinte Pusthakam,hard,60,
684,Indian Bird Species,M,Myna|Magpie|Monal|Malkoha,hard,60,
685,Kerala Folklore Instruments,U,Udukku|Urumbi|Urumi|Ucha,hard,60,
686,Indian National Highways,G,Grand Trunk|Golden Quadrilateral|Gangotri Highway|Gwalior Way,hard,60,
687,Malayalam Web Series,K,Karikku|Kallanum Bhagavathiyum|Kerala Crime Files|Kili,hard,60,
688,Indian Heritage Cities,A,Ahmedabad|Ajmer|Agra|Amritsar,hard,60,
689,Kerala Traditional Jewelry,K,Kasumala|Kumpalamala|Kodamanimal|Kizhimani,hard,60,
690,Indian Freedom Organizations,H,Hindustan Socialist Republican|Home Rule League|Hindu Mahasabha|Harijan Sevak Sangh,hard,60,
691,Malayalam Playback Singers (Male),V,Venugopal|Vidhu Prathap|Vineeth Sreenivasan|Vijay Yesudas,hard,60,
692,Indian State Birds,H,Hornbill|Himalayan Monal|Hill Myna|House Sparrow,hard,60,
693,Kerala Cultural Capitals,T,Thrissur|Thiruvananthapuram|Thrippunithura|Thalassery,hard,60,
694,Indian Traditional Games,K,Kabbadi|Kho-Kho|Kalaripayattu|Kith-Kith,hard,60,
695,Malayalam Novelists,M,Mukundan|Madhavikutty|Malayattoor|Mundoor Krishnankutty,hard,60,
696,Indian Mountain Ranges,S,Satpura|Sahyadri|Siwalik|Shivalik,hard,60,
697,Kerala Agricultural Products,C,Coconut|Cashew|Coffee|Cocoa,hard,60,
698,Indian Classical Music Ragas,B,Bhairavi|Bhopali|Bageshri|Basant,hard,60,
699,Malayalam Drama Troupes,K,KPAC|Kalidasa Kalakendram|Kalasagar|Kozhikode Chiranthana,hard,60,
700,Indian Temple Architecture,D,Dravidian|Dhara|Dashavatara|Dharmaraja Ratha,hard,60,
701,Indian Biosphere Reserves,N,Nilgiri|Nanda Devi|Nokrek|Nicobar,hard,60,
702,Kerala Social Reformers,A,Ayyankali|Ananda Teerthan|Agamananda|Arattupuzha Velayudha Panicker,hard,60,
703,Ancient Indian Universities,N,Nalanda|Nagarjunakonda|Nandana|Navadvipa,hard,60,
704,Malayalam Poets (Modern),K,Kumaranasan|Kureepuzha Sreekumar|Kadammanitta|Kalpetta Narayanan,hard,60,
705,Sufi Saints in India,N,Nizamuddin Auliya|Nasiruddin Chirag Dehlavi|Nuruddin Rishi|Najmuddin Kubra,hard,60,
706,Kerala Dams,P,Peechi|Pamba|Pazhassi|Pothundi|Ponmudi|Peruvannamuzhi,hard,60,
707,Indian Classical Dance Styles,K,Kathak|Kathakali|Kuchipudi|Koodiyattam,hard,60,
708,Famous Indian Scientists,S,Satyendra Nath Bose|Subrahmanyan Chandrasekhar|Shanti Swarup Bhatnagar|Sivan K,hard,60,
709,Kerala Wildlife Sanctuaries,C,Chinnar|Chimmony|Chenduruny|Chulannur,hard,60,
710,Indian Islands,L,Laccadive|Lakshadweep|Little Andaman|Little Nicobar|Lohachara,hard,60,
711,Bhakti Movement Saints,T,Tulsidas|Tukaram|Tyagaraja|Thirumular,hard,60,
712,Kerala Historical Forts,B,Bekal|Bakel|Beemapally|Ballard,hard,60,
713,Indian Mountain Peaks,K,Kanchenjunga|Kamet|Kalsubai|Kinner Kailash|Kudremukh,hard,60,
714,Malayalam Satirical Writers,S,Sanjayan|Sukumar|Sreekantan Nair|Sibi Padiyara,hard,60,
715,Indian Ports (West Coast),M,Mumbai|Mormugao|Mangalore|Mundra|Malpe,hard,60,
716,Kerala Rivers (West Flowing),B,Bharathapuzha|Bhavani|Bakel|Baliyapuzha,hard,60,
717,Indian Space Missions,C,Chandrayaan|Cartosat|CMS-01|Chasste,hard,60,
718,Indian Military Operations,V,Vijay|Viraat|Victorious|Vigilant,hard,60,
719,Kerala Temple Festivals,P,Pooram|Painkuni|Patayani|Puthari,hard,60,
720,Ancient Indian Texts,U,Upanishads|Upaveda|Upapurana|Uvasagadasao,hard,60,
721,Indian Dynasties (South),C,Chola|Chera|Chalukya|Cedi,hard,60,
722,Kerala Jnanpith Winners,G,G Sankara Kurup|Gopinath Mohanty|Giriraj Kishore|Gulzar,hard,60,
723,Indian National Parks,G,Gir|Gangotri|Galathea Bay|Gorumara|Gugamal,hard,60,
724,Indian Musical Instruments (String),S,Sitar|Sarod|Santoor|Saraswati Veena|Sarangi,hard,60,
725,Kerala Education Institutions,I,IISER|IIM|IIT|IIST,hard,60,
726,Indian Freedom Movements,Q,Quit India|Quietism|Quebecois|Quakerism,hard,60,
727,Indian States (North East),M,Manipur|Meghalaya|Mizoram|Mawsynram,hard,60,
728,Malayalam Literary Critics,M,M Leelavathy|M K Sanu|M N Karassery|M Achuthan,hard,60,
729,Indian Philosophers,R,Radhakrishnan|Ramakrishna|Ramanuja|Ramana Maharshi,hard,60,
730,Kerala Coastal Towns,K,Kochi|Kollam|Kannur|Kasaragod|Kayamkulam|Kodungallur,hard,60,
731,Indian Satellite Series,I,Insat|Irs|Icss|Ims,hard,60,
732,Indian Buddhist Sites,S,Sanchi|Sarnath|Sravasti|Sankissa,hard,60,
733,Kerala Folklore Forms,T,Theyyam|Thira|Thullal|Thumbi Thullal,hard,60,
734,Indian Nobel Laureates,R,Rabindranath Tagore|Raman|Ramakrishnan|Rajendra Pachauri,hard,60,
735,Indian Languages (Schedules),K,Kannada|Kashmiri|Konkani|Kashmiri|Kothali,hard,60,
736,Kerala Historical Personalities,K,Kunjali Marakkar|Kerala Varma|Kottayathu Thampuran|Kurukkoli Nair,hard,60,
737,Indian Cities (Textile Hubs),S,Surat|Solapur|Salem|Srinagar,hard,60,
738,Indian Emperors (Mauryan),A,Ashoka|Ajatashatru|Amitraghata|Aniruddha,hard,60,
739,Malayalam Cinema Actors (Old Era),M,Madhu|Mammootty|Murali|Maniyanpilla Raju,hard,60,
740,Indian Independence Leaders,L,Lala Lajpat Rai|Lal Bahadur Shastri|Liaquat Ali|Lakshmi Sahgal,hard,60,
741,Kerala Waterfalls,A,Athirappilly|Aruvikuzhi|Adyanpara|Aripara,hard,60,
742,Indian Wildlife (Big Cats),T,Tiger|Trooper|Tigress|Toby,hard,60,
743,Indian Rivers (East Flowing),G,Godavari|Ganga|Gandak|Ghaggar,hard,60,
744,Malayalam Short Stories,O,Oru Sankeerthanam Pole|Ozhivudivasathe Kali|Ormayude Arakal|Oru Theruvinte Katha,hard,60,
745,Indian Monuments (Agra),F,Fatehpur Sikri|Firozabad|Fort Agra|Faizabad,hard,60,
746,Indian Constitutional Terms,P,Preamble|Parliament|President|Panchayat,hard,60,
747,Kerala Traditional Crafts,A,Aranmula Kannadi|Arattupuzha|Artifacts|Akkulam,hard,60,
748,Indian Scientists (Physics),C,CV Raman|Chandrasekhar|Chidambaram|Chandra,hard,60,
749,Indian Hill Stations,M,Munnar|Mussoorie|Mahabaleshwar|Matheran|Manali|Mount Abu,hard,60,
750,Malayalam Travelogue Writers,S,S K Pottekkatt|Santhosh George Kulangara|Sreekumar|Sethu,hard,60,
751,Indian Classical Singers,P,Pandit Jasraj|Pandit Ravi Shankar|Parveen Sultana|Prabha Atre,hard,60,
752,Kerala Christian Shrines,M,Malayattoor|Manarcad|Maranadu|Marthoma,hard,60,
753,Indian State Animals,E,Elephant|Ewe|Elk|Eland,hard,60,
754,Indian National Awards,P,Padma Vibhushan|Padma Bhushan|Padma Shri|Param Vir Chakra,hard,60,
755,Malayalam Children's Literature,S,Sumangala|Sippy Pallippuram|Sugathakumari|Sreedharan,hard,60,
756,Indian Lakes (Saltwater),C,Chilika|Chokala|Coromandel|Cuddalore,hard,60,
757,Kerala Traditional Architecture,N,Nalukettu|Nattambalam|Nadumuttam|Nilavara,hard,60,
758,Indian Ancient Cities,V,Varanasi|Vaishali|Vidisha|Vallabhi,hard,60,
759,Indian Revolutionaries,S,Sukhdev|Surya Sen|Sachindra Sanyal|Shivaram Rajguru,hard,60,
760,Malayalam Film Directors,A,Aravindan|Adoor Gopalakrishnan|Amal Neerad|Anwar Rasheed,hard,60,
761,Indian Tribes,G,Gonds|Gaddi|Garo|Garu,hard,60,
762,Kerala Spice Varieties,P,Pepper|Pimento|Paprika|Poppy,hard,60,
763,Indian Rivers (Tributaries),Y,Yamuna|Yelluru|Yarra|Yatung,hard,60,
764,Malayalam Literary Movements,P,Purogamana Sahithyam|Prakruthivadam|Postmodernism|Puranic,hard,60,
765,Indian Constitutional Articles,F,Fundamental Rights|Finance Commission|Freedom|Federation,hard,60,
766,Kerala Traditional Jewelry,E,Elakkathali|Enamel|Earring|Ekkidi,hard,60,
767,Indian Historical Battles,P,Panipat|Plassey|Palamuru|Pollilur,hard,60,
768,Indian Vegetation Types,T,Tropical Evergreen|Tropical Deciduous|Thorn Forest|Tundra,hard,60,
769,Malayalam Theater Personalities,N,N N Pillai|Narendra Prasad|Nedumudi Venu|Nilambur Ayisha,hard,60,
770,Indian Union Territories,D,Delhi|Dadra|Daman|Diu,hard,60,
771,Indian Financial Institutions,S,SEBI|SIDBI|SBI|SFC,hard,60,
772,Kerala Agriculture Festivals,V,Vishu|Vrischikotsavam|Vallam Kali|Vaikathashtami,hard,60,
773,Indian Folk Dances,B,Bhangra|Bihu|Baul|Bagurumba,hard,60,
774,Malayalam Language Dialects,E,Ezhava|Ernad|Eranad|Eranallur,hard,60,
775,Indian Mountain Passes,N,Nathu La|Niti Pass|Namika La|Nakee La,hard,60,
776,Kerala Royal Families,T,Travancore|Thalassery|Thiruvithamkoor|Thamarassery,hard,60,
777,Indian Satellite Launch Vehicles,P,PSLV|PSLV-C|PSLV-D|PSLV-G,hard,60,
778,Indian Epic Characters,D,Duryodhana|Drona|Dushyant|Dhritarashtra,hard,60,
779,Malayalam Grammar Works,L,Leelathilakam|Laghupushpamanjari|Linguistics|Lekhanam,hard,60,
780,Indian Temple Styles,N,Nagara|Nandipada|Narayana|Narmada,hard,60,
781,Indian Rivers (South),P,Punnapuzha|Pamba|Pennar|Palar,hard,60,
782,Kerala Historical Documents,T,Thaliyal|Thidambu|Thiruvithamkoor|Thachan,hard,60,
783,Indian Freedom Fighters (Women),A,Aruna Asaf Ali|Annie Besant|Ammu Swaminathan|Anasuya Sarabhai,hard,60,
784,Malayalam Poets (Medieval),E,Ezhuthachan|Erumeli|Eravikulam|Edayar,hard,60,
785,Indian Space Research Centers,V,VSSC|VAF|VRS|VSSC-T,hard,60,
786,Kerala Coastal Districts,T,Thiruvananthapuram|Thrissur|Thalassery|Thiruvalla,hard,60,
787,Indian Classical Ragas,M,Malkauns|Marwa|Megh|Madhuwanti,hard,60,
788,Indian Ancient Sculptures,Y,Yaksha|Yakshini|Yali|Yoga,hard,60,
789,Malayalam Feminist Writers,S,Sugathakumari|Sarah Joseph|Sreedevi|Santhakumari,hard,60,
790,Indian State Capitals (North),L,Lucknow|Ludhiana|Leh|Ladakh,hard,60,
791,Indian Rivers (North),B,Beas|Brahmaputra|Betwa|Banas,hard,60,
792,Kerala Bird Sanctuaries,M,Mangalavanam|Muttalam|Mundery|Muchukunnun,hard,60,
793,Indian National Leaders,S,Sardar Patel|Subhash Chandra Bose|Sarojini Naidu|S Radhakrishnan,hard,60,
794,Malayalam Short Story Collections,H,Higuita|Hamsadhwani|Hridayam|Harshavardhan,hard,60,
795,Indian Monsoon Branches,A,Arabian Sea Branch|Andaman Branch|Asian Branch|Atlantic Branch,hard,60,
796,Kerala Traditional Houses,E,Ettukettu|Ettumanoor|Eravikulam|Elamkulam,hard,60,
797,Indian Scientists (Chemistry),R,Ray|Ramakrishnan|Rao|Ranganathan,hard,60,
798,Indian Political Parties (History),S,Swaraj Party|Socialist Party|Samyukta Socialist|Swatantra Party,hard,60,
799,Malayalam Film Awards,S,State Award|Screen Award|Sangeetha Nataka Akademi|South Filmfare,hard,60,
800,Indian Coastal States,G,Gujarat|Goa|Gokarna|Ganjam,hard,60,
801,Indian Caves,A,Ajanta|Amarnath|Aurangabad|Arwah,hard,60,
802,Kerala Traditional Arts,M,Margamkali|Mohiniyattam|Mudiyettu|Muttum Vili,hard,60,
803,Indian National Waterways,G,Ganga-Bhagirathi|Godavari-Krishna|Gujarat-Coastal|Goa-Inland,hard,60,
804,Malayalam Spiritual Leaders,N,Narayana Guru|Nityachaitanya Yati|Nirmalananda|Nitya,hard,60,
805,Indian Independence Events,C,Chauri Chaura|Champaran|Chittagong|Civil Disobedience,hard,60,
806,Kerala Hill Stations,W,Wayanad|Wagamon|Wallardie|Wandur,hard,60,
807,Indian Textile Varieties,K,Kanchipuram|Kasavu|Kalamkari|Kashmiri,hard,60,
808,Indian Mathematics (Ancient),B,Brahmagupta|Bhaskara|Baudhayana|Brahamana,hard,60,
809,Malayalam Folklore Songs,V,Vadakkan Pattukal|Vanchipattu|Vattappattu|Veeragadha,hard,60,
810,Indian Ports (East Coast),V,Visakhapatnam|Vedaranyam|Vakalapudi|Vizhinjam,hard,60,
811,Indian Presidents,V,V V Giri|Venkatraman|Vyasa|Vidhya,hard,60,
812,Kerala Medicinal Plants,A,Amla|Aloe Vera|Ashwagandha|Arjuna,hard,60,
813,Indian National Parks (South),M,Mudumalai|Mukurthi|Mathikettan Shola|Muduvare,hard,60,
814,Malayalam Novelists (Modern),A,Anand|A Sethumadhavan|Ambikasuthan Mangad|Asokan Charuvil,hard,60,
815,Indian Religious Festivals,D,Diwali|Dussehra|Durga Puja|Dhanteras,hard,60,
816,Kerala Lakes,V,Vembanad|Vellayani|Vengara|Vamanapuram,hard,60,
817,Indian Rivers (West),N,Narmada|Netravati|Nira|Noyyal,hard,60,
818,Indian Military Decorations,M,Maha Vir Chakra|Medal|Military Cross|Mentioned in Despatches,hard,60,
819,Malayalam Satirical Poets,K,Kunchan Nambiar|Kunhunni|Kadamanitta|Kuttamath,hard,60,
820,Indian Constitutional Bodies,E,Election Commission|Enforcement Directorate|Estimated Committee|Economic Council,hard,60,
821,Indian Mountain Ranges (Central),V,Vindhya|Vatrak|Vaman|Vaitarna,hard,60,
822,Kerala Historical Ports,M,Muziris|Musiris|Mahe|Muttam,hard,60,
823,Indian Freedom Fighters (Sikh),B,Bhagat Singh|Baba Gurdit Singh|Baldev Singh|Bishan Singh,hard,60,
824,Malayalam Autobiography Writers,C,Cherukad|C Kesavan|C Achutha Menon|C V Raman Pillai,hard,60,
825,Indian Space Satellites,R,Rohini|Risat|Ressat|Rlv-td,hard,60,
826,Kerala Temple Architecture,S,Sreekovil|Sopanam|Suthambalam|Sreekrishna,hard,60,
827,Indian Ancient Philosophies,S,Samkhya|Sankhya|Shuddhadvaita|Sushruta,hard,60,
828,Indian States (Western),R,Rajasthan|Ratnagiri|Raipur|Rajnandgaon,hard,60,
829,Malayalam Modernist Poets,A,Ayyappa Panicker|Attoor Ravi Varma|Anitha Thampi|Aziz,hard,60,
830,Indian Rivers (Central),S,Sone|Shipra|Sabarmati|Sharavati,hard,60,
831,Indian Historic Sites,H,Hampi|Halebidu|Harappa|Hastinapur,hard,60,
832,Kerala Ritual Arts,K,Kalamezhuthu|Kavadiyattam|Kakarissi Natakam|Kolam Thullal,hard,60,
833,Indian Classical Music Instruments,T,Tabla|Tanpura|Taus|Thavil,hard,60,
834,Malayalam Cinema Pioneers,J,J C Daniel|Joseph Thaliath|Jayakrishnan|Jayan,hard,60,
835,Indian National Symbols,L,Lotus|Lion Capital|Languid|Lantana,hard,60,
836,Kerala Historical Rulers,Z,Zamorin|Zemindar|Zebunnisa|Zoroaster,hard,60,
837,Indian Tribes (Central),B,Bhil|Baiga|Bharia|Bhumia,hard,60,
838,Indian Religious Texts,P,Puranas|Pitakas|Psalms|Paryushana,hard,60,
839,Malayalam Literary Awards,E,Ezhuthachan Puraskaram|Edasseri Award|Eranad Award|Ezhava Award,hard,60,
840,Indian Cities (Golden Quadrilateral),D,Delhi|Dhanbad|Durgapur|Dharwad,hard,60,
841,Indian Biodiversity Hotspots,W,Western Ghats|West Bengal|Wayanad|Western Himalayas,hard,60,
842,Kerala Colonial Powers,P,Portuguese|Protectorate|Paris|Prussia,hard,60,
843,Indian National Leaders (West),G,Gandhi|Gokhale|Gaikwad|Gidwani,hard,60,
844,Malayalam Travelogues,K,Kappiri|Kappalil Oru Yathra|Kashi|Kailas,hard,60,
845,Indian Rivers (North West),J,Jhelum|Juni|Jawai|Jhakham,hard,60,
846,Kerala Traditional Percussion,C,Chenda|Chengila|Chutti|Chalam,hard,60,
847,Indian Scientists (Biology),K,Khorana|Kashyap|Kurien|Krishnan,hard,60,
848,Indian Historical Documents,A,Arthashastra|Akbarnama|Ain-i-Akbari|Ashoka Edicts,hard,60,
849,Malayalam Folk Stories,A,Aitheehya Mala|Akbar|Aladdin|Anar,hard,60,
850,Indian Constitutional Schedules,S,Seventh Schedule|Sixth Schedule|Second Schedule|Special,hard,60,
851,Indian Hill Stations (South),K,Kodaikanal|Kotagiri|Kudremukh|Kemmanagundi,hard,60,
852,Kerala Muslim Cultural Forms,O,Oppana|Oravankara|Ottamthullal|Omanapuzha,hard,60,
853,Indian Freedom Fighters (South),K,Kamaraj|Kattabomman|Krishna Pillai|Kelappan,hard,60,
854,Malayalam Women Poets,B,Balamani Amma|B Vijayalakshmi|Balamani|Bhanumathi,hard,60,
855,Indian Space Launch Sites,S,Sriharikota|Sumbhal|Satish Dhawan|Saurashtra,hard,60,
856,Kerala Christian Traditions,K,Knanaya|Kallooppara|Kadamattom|Kuravilangad,hard,60,
857,Indian Medieval Architecture,T,Taj Mahal|Tughlaqabad|Tombs|Towers,hard,60,
858,Indian Classical Music Gharanas,G,Gwalior|Gaya|Gharana|Guna,hard,60,
859,Malayalam Dramatists,C,C J Thomas|C N Sreekantan Nair|Cherukad|C V Raman Pillai,hard,60,
860,Indian National Waterways (Rivers),B,Brahmaputra|Barak|Buckingham Canal|Bhavani,hard,60,
861,Indian Biosphere Reserves (North),C,Cold Desert|Chandratal|Chamba|Chail,hard,60,
862,Kerala Sacred Groves,S,Sarpakkavu|Santhigiri|Sabarimala|Sasthamkotta,hard,60,
863,Indian Freedom Fighters (East),B,Bipin Chandra Pal|Barindra Kumar Ghosh|Bagha Jatin|Binod Bihari Chowdhury,hard,60,
864,Malayalam Short Story Writers (Old),P,Ponkunnam Varkey|P Kesavadev|P C Kuttikrishnan|Padmarajan,hard,60,
865,Indian Satellite Programs,G,Gsat|Gagan|Gslv|Glory,hard,60,
866,Kerala Traditional Martial Arts,K,Kalaripayattu|Kadhakali|Kolkali|Kambadiyattam,hard,60,
867,Indian Historical Cities (Medieval),H,Hyderabad|Hampi|Halebidu|Hissar,hard,60,
868,Indian Vegetation (Coastal),M,Mangroves|Mixed Deciduous|Mountain|Moist,hard,60,
869,Malayalam Poets (Ancient),M,Muziris|Mullappally|Maveli|Manipravalam,hard,60,
870,Indian Mountain Ranges (East),P,Patkai|Phawngpui|Purbachal|Palni,hard,60,
871,Indian Ports (Minor),A,Alappuzha|Azheekal|Amini|Androth,hard,60,
872,Kerala Irrigation Projects,M,Malampuzha|Muvattupuzha|Mangalam|Meenkara,hard,60,
873,Indian Revolutionary Groups,H,Hindustan Socialist Republican Association|Hindustan Republican Association|Hindustan|Home Rule,hard,60,
874,Malayalam Essays Writers,M,M P Paul|M Govindan|M K Sanu|M Krishnan Nair,hard,60,
875,Indian Space Scientists,K,Kasturirangan|Kalam|K Radhakrishnan|K Sivan,hard,60,
876,Kerala Traditional Murals,G,Guruvayur|Gajendra Moksham|Ganapathy|Girinagar,hard,60,
877,Indian Ancient Inscriptions,J,Junagadh|Jaugada|Jatinga|Jaugada,hard,60,
878,Indian Dance Gurus,B,Birju Maharaj|Bipin Singh|Balasaraswati|Bharati Shivaji,hard,60,
879,Malayalam Literary Periods,M,Modernism|Modernity|Manipravalam|Middle Malayalam,hard,60,
880,Indian Constitutional Rights,F,Freedom of Speech|Freedom of Religion|Freedom of Assembly|Freedom of Movement,hard,60,
881,Indian Rivers (Himalayan),I,Indus|Iravati|Indrayani|Isan,hard,60,
882,Kerala Historical Monuments,E,Edakkal Caves|Eraniel Palace|Ezhimala|Ettumanoor,hard,60,
883,Indian Freedom Fighters (Central),T,Tantia Tope|Tatya|Thakur|Tilak,hard,60,
884,Malayalam Grammar Authors,G,Gundert|George Mathen|Gopinathan|Girish,hard,60,
885,Indian Remote Sensing Satellites,I,IRS-1A|IRS-1B|IRS-P6|IRS-ID,hard,60,
886,Kerala Coastal Geography,V,Vypin|Varkala|Valiyathura|Vizhinjam,hard,60,
887,Indian Classical Dance Items,V,Varnam|Vande Mataram|Vatapi|Vibhuti,hard,60,
888,Indian Ancient Astronomers,A,Aryabhata|Arrian|Anaximander|Aristarchus,hard,60,
889,Malayalam Poets (Nationalist),V,Vallathol|Vayalar|Vayalar Rama Varma|Vennikkulam,hard,60,
890,Indian State Capitals (East),K,Kolkata|Kohima|Kavaratti|Kanchipuram,hard,60,
891,Indian Rivers (Tributaries of Ganga),S,Sone|Sharda|Sindh|Son,hard,60,
892,Kerala Sacred Animals,E,Elephant|Eagle|Emu|Eland,hard,60,
893,Indian Leaders (Revolt of 1857),K,Kunwar Singh|Khan Bahadur|Kadam Singh|Kandhapa,hard,60,
894,Malayalam Novel Themes,S,Social Reform|Satire|Surrealism|Spirituality,hard,60,
895,Indian Monsoon Winds,S,South West Monsoon|South East|Surface Winds|Season,hard,60,
896,Kerala Traditional Festivals,O,Onam|Oachirakkali|Ottappalam|Omanappuzha,hard,60,
897,Indian Scientists (Maths),R,Ramanujan|Radhakrishna Rao|Ramachandran|Ramaswamy,hard,60,
898,Indian Political Ideologies,S,Socialism|Secularism|Swaraj|Sarvodaya,hard,60,
899,Malayalam Film Songs (Classic),P,P Bhaskaran|P Susheela|P Jayachandran|P Leela,hard,60,
900,Indian Coastal Ecosystems,E,Estuaries|Evergreen|Estuarine|Ecological,hard,60,
